Id,SalePrice,MSSubClass,MSZoning,LotFrontage,LotArea,LotShape,LotConfig,Neighborhood,Condition1,BldgType,HouseStyle,OverallQual,OverallCond,YearRemodAdd,RoofStyle,Exterior1st,MasVnrType,MasVnrArea,ExterQual,ExterCond,Foundation,BsmtQual,BsmtExposure,BsmtFinType1,BsmtFinSF1,BsmtUnfSF,HeatingQC,CentralAir,Electrical,X1stFlrSF,X2ndFlrSF,BsmtFullBath,BsmtHalfBath,FullBath,HalfBath,BedroomAbvGr,KitchenQual,TotRmsAbvGrd,Fireplaces,FireplaceQu,GarageType,GarageYrBlt,GarageFinish,GarageArea,PavedDrive,WoodDeckSF,OpenPorchSF,MoSold,YrSold,SaleType,SaleCondition
1,181500,20,4,80,9600,4,3,25,2,1,3,6,8,1976,2,9,3,0,4,5,2,3,2,1,978,284,1,2,5,1262,0,0,1,2,0,3,4,6,1,5,2,1976,2,460,3,298,0,5,2007,9,5
2,223500,60,4,68,11250,1,5,6,3,1,6,7,5,2002,2,13,2,162,3,5,3,3,3,3,486,434,1,2,5,920,866,1,0,2,1,3,3,6,1,5,2,2001,2,608,3,0,42,9,2008,9,5
3,140000,70,4,60,9550,1,1,7,3,1,6,7,5,1970,2,14,3,0,4,5,1,4,4,1,216,540,3,2,5,961,756,1,0,1,0,3,3,7,1,3,6,1998,3,642,3,0,35,2,2006,9,1
4,250000,60,4,84,14260,1,3,14,3,1,6,8,5,2000,2,13,2,350,3,5,3,3,1,3,655,490,1,2,5,1145,1053,1,0,2,1,4,3,9,1,5,2,2000,2,836,3,192,84,12,2008,9,5
5,307000,20,4,75,10084,4,5,21,3,1,3,8,5,2005,2,13,4,186,3,5,3,1,1,3,1369,317,1,2,5,1694,0,1,0,2,0,3,3,7,1,3,2,2004,2,636,3,255,57,8,2007,9,5
6,129900,50,5,51,6120,4,5,18,1,1,1,7,5,1950,2,4,3,0,4,5,1,4,4,6,0,952,3,2,2,1022,752,0,0,2,0,2,4,8,2,5,6,1931,3,468,3,90,0,4,2008,9,1
7,118000,190,4,50,7420,4,1,4,1,2,2,5,6,1950,2,9,3,0,4,5,1,4,4,3,851,140,1,2,5,1077,0,1,0,1,0,2,4,5,2,5,2,1939,2,205,3,0,4,1,2008,9,5
8,345000,60,4,85,11924,1,5,16,3,1,6,9,5,2006,4,15,4,286,1,5,3,1,4,3,998,177,1,2,5,1182,1142,1,0,3,0,4,1,11,2,3,4,2005,1,736,3,147,21,7,2006,7,6
9,279500,20,4,91,10652,1,5,6,3,1,3,7,5,2007,2,13,4,306,3,5,3,3,1,6,0,1494,1,2,5,1494,0,0,0,2,0,3,3,7,1,3,2,2006,2,840,3,160,33,8,2007,7,6
10,325300,60,4,101,14215,1,1,16,3,1,6,8,5,2006,2,13,2,380,3,5,3,1,1,6,0,1158,1,2,5,1158,1218,0,0,3,1,4,3,9,1,3,4,2005,2,853,3,240,154,11,2006,7,6
11,139400,45,5,57,7449,4,5,10,3,1,2,7,7,1950,2,14,3,0,4,5,3,4,4,6,0,637,1,2,2,1108,0,0,0,1,0,3,3,6,1,3,2,1930,3,280,1,0,0,6,2007,9,5
12,230000,20,4,75,9742,4,5,6,3,1,3,8,5,2002,4,13,2,281,3,5,3,3,4,6,0,1777,1,2,5,1795,0,0,0,2,0,3,3,7,1,3,2,2002,2,534,3,171,159,9,2008,9,5
13,129900,120,5,44,4224,4,5,11,3,5,3,5,7,1976,2,6,3,0,4,5,3,3,4,3,840,200,5,2,5,1060,0,1,0,1,0,3,4,6,1,5,2,1976,3,572,3,100,110,6,2007,9,5
14,256300,20,4,110,14230,4,1,16,3,1,3,8,5,2007,2,13,4,640,3,5,3,3,4,6,0,1566,1,2,5,1600,0,0,0,2,0,3,3,7,1,3,2,2007,2,890,3,0,56,7,2009,9,5
15,306000,20,4,98,11478,4,5,16,3,1,3,8,5,2008,2,13,4,200,3,5,3,1,4,3,1218,486,1,2,5,1704,0,1,0,2,0,3,3,7,1,3,2,2008,2,772,3,0,50,5,2010,9,5
16,207500,20,4,47,16321,1,2,13,3,1,3,5,6,1997,2,9,3,0,4,5,2,4,2,2,1277,207,5,2,5,1600,0,1,0,1,0,2,4,6,2,3,2,1957,2,319,3,288,258,12,2006,9,5
17,165500,20,4,70,10552,1,5,13,3,1,3,5,5,1959,4,4,3,0,4,5,2,4,4,5,1018,380,3,2,5,1700,0,0,1,1,1,4,3,6,1,3,2,1959,2,447,3,0,38,4,2010,9,5
18,277500,120,4,60,7313,4,5,16,3,5,3,9,5,2005,4,9,2,246,1,5,3,1,4,3,1153,408,1,2,5,1561,0,1,0,2,0,2,1,6,1,3,2,2005,1,556,3,203,47,8,2007,9,5
19,309000,60,4,108,13418,4,5,16,3,1,6,8,5,2005,2,13,4,132,3,5,3,1,1,6,0,1117,1,2,5,1132,1320,0,0,3,1,4,3,9,1,3,4,2004,1,691,3,113,32,9,2006,9,5
20,153000,20,4,74,8532,4,5,13,3,1,3,5,6,1990,4,14,2,650,4,5,2,4,4,5,1213,84,3,2,5,1297,0,0,1,1,0,3,4,5,1,5,2,1954,1,498,3,0,0,10,2009,9,5
21,160000,20,4,84,8658,4,5,13,3,1,3,6,5,1965,2,14,2,101,4,5,2,4,4,5,643,445,1,2,5,1324,0,0,0,2,0,3,4,6,1,5,2,1965,2,440,3,0,138,12,2006,9,1
22,170000,20,4,115,16905,4,5,24,3,1,3,5,6,1959,2,13,3,0,4,3,2,4,2,2,967,383,3,2,5,1328,0,0,1,1,1,2,4,5,2,3,2,1959,2,308,2,0,104,7,2007,9,5
23,319900,120,4,61,7658,4,5,16,3,5,3,9,5,2005,4,9,2,412,1,5,3,1,4,3,456,1296,1,2,5,1752,0,1,0,2,0,2,1,6,1,3,2,2005,2,576,3,196,82,2,2010,9,5
24,239686,50,4,48,12822,1,2,12,3,1,1,7,5,2003,2,13,3,0,3,5,3,1,4,3,1351,83,1,2,5,1518,631,1,0,1,1,1,3,6,1,1,2,2003,2,670,3,168,43,8,2009,9,1
25,114500,50,5,52,6240,4,5,4,3,1,1,6,6,1950,2,14,3,0,4,5,3,4,4,6,0,816,5,2,5,816,0,0,0,1,0,3,4,6,1,3,6,1985,3,528,3,112,0,9,2006,9,5
26,385000,20,4,68,50271,1,5,25,3,1,3,9,5,1987,2,15,3,0,3,5,2,1,2,3,1810,32,3,2,5,1842,0,2,0,0,1,0,3,5,1,3,2,1981,1,894,3,857,72,11,2006,9,5
27,130000,80,4,60,7134,4,5,13,3,1,8,5,5,1955,2,9,3,0,4,5,2,4,4,1,384,0,5,2,5,1360,0,0,0,1,0,3,4,6,1,5,6,1962,3,572,3,0,50,2,2007,9,5
28,180500,20,4,100,10175,1,5,13,3,1,3,6,5,1964,2,7,2,272,4,5,2,4,4,2,490,935,3,2,5,1425,0,0,0,2,0,3,4,7,1,3,2,1964,2,576,3,0,0,7,2008,9,5
29,438780,60,4,66,13682,2,2,22,3,1,6,10,5,2006,4,13,2,1031,1,5,3,1,2,6,0,1410,1,2,5,1426,1519,0,0,3,1,3,3,10,1,3,4,2006,1,641,3,192,0,10,2006,7,6
30,202500,120,4,44,6442,1,5,16,3,5,3,8,5,2006,2,13,4,178,3,5,3,3,3,3,24,1346,1,2,5,1370,0,0,0,2,0,2,3,6,1,3,2,2006,2,484,3,120,49,10,2007,9,5
31,317000,60,4,76,9591,4,5,16,3,1,6,8,5,2005,2,13,2,344,3,5,3,1,1,6,0,1143,1,2,5,1143,1330,0,0,2,1,4,3,9,1,3,4,2004,2,852,3,192,151,10,2007,9,5
32,225000,50,4,81,15593,4,1,5,3,1,1,7,4,1953,2,4,3,0,3,5,2,4,4,2,603,701,5,2,5,1304,983,0,0,2,0,3,4,7,1,5,2,1953,1,667,3,0,21,7,2006,9,5
33,244000,20,4,95,13651,1,5,13,3,1,3,7,6,1973,2,10,2,1115,4,3,2,3,2,1,1880,343,1,2,5,2223,0,1,0,2,0,3,4,8,2,3,2,1973,1,516,3,300,0,2,2007,9,5
34,185000,60,4,74,10141,1,1,9,3,1,6,7,5,1998,2,13,2,40,4,5,3,3,4,6,0,832,3,2,5,885,833,0,0,2,1,3,4,7,1,5,2,1998,1,427,3,0,94,12,2009,9,5
35,193500,60,4,100,13000,4,1,13,3,1,6,6,6,1968,2,13,2,576,4,3,2,3,4,5,448,448,5,2,5,1182,960,0,0,2,1,4,3,8,1,3,2,1968,1,509,3,0,72,6,2009,9,5
36,245000,20,4,78,10206,4,5,21,3,1,3,8,5,2007,2,13,4,468,4,5,3,3,4,3,33,1530,1,2,5,1563,0,0,0,2,0,3,3,6,1,3,2,2007,2,758,3,144,99,10,2008,9,5
37,260000,60,4,121,16059,4,1,14,3,1,6,8,5,1992,4,7,2,284,3,5,2,3,4,6,0,1288,1,2,5,1301,1116,0,0,2,1,4,3,9,1,5,2,1991,3,462,3,127,82,4,2006,9,5
38,174000,60,4,122,11911,2,5,9,3,1,6,6,5,2005,2,13,3,0,3,5,3,3,1,6,0,684,1,2,5,684,876,0,0,2,1,3,3,6,1,3,4,2005,1,400,3,100,38,3,2009,9,5
39,133900,190,1,60,7200,4,1,18,3,2,5,6,6,1998,4,9,3,0,4,5,1,4,3,5,1046,168,1,1,5,1260,1031,0,1,2,0,4,4,9,1,3,6,1900,3,506,3,0,0,11,2007,9,5
40,178000,60,4,77,9206,4,5,20,3,1,6,6,5,1985,2,7,2,336,3,5,2,3,4,6,0,741,5,2,5,977,755,0,0,2,1,3,3,7,1,5,2,1985,1,476,3,192,46,6,2010,9,5
41,250000,60,2,75,9375,4,5,21,3,1,6,8,5,2004,4,13,2,768,3,5,3,1,4,6,0,1053,1,2,5,1053,939,0,0,2,1,3,3,9,1,3,2,2003,2,648,3,140,45,8,2008,9,5
42,190000,20,4,105,11751,1,5,17,3,1,3,6,6,1977,4,10,2,480,4,5,2,3,4,2,705,1139,1,2,5,1844,0,0,0,2,0,3,4,7,1,5,2,1977,2,546,3,0,122,1,2010,1,5
43,383970,60,4,77,9965,4,5,6,3,1,6,7,5,2007,2,13,4,220,3,5,3,1,1,3,984,280,1,2,5,1282,1414,1,0,2,1,4,1,10,1,3,4,2007,1,792,3,120,184,10,2007,7,6
44,259500,70,4,61,7259,1,5,7,3,1,6,6,8,2002,3,14,3,0,4,5,2,4,4,1,774,104,1,2,5,1436,884,1,0,2,1,3,3,9,1,5,6,1945,3,180,3,224,0,7,2007,9,5
45,176000,160,2,34,3230,4,1,21,3,5,6,6,5,1999,2,9,2,1129,4,5,3,3,4,3,419,310,3,2,5,729,729,0,0,2,1,2,4,5,1,2,6,1999,3,440,3,0,32,6,2007,9,5
46,320000,60,4,90,12376,4,1,20,3,1,6,7,5,1990,4,10,3,0,4,5,3,3,3,3,1470,203,3,2,5,1699,1523,1,0,3,0,5,3,11,2,5,2,1990,3,594,3,367,0,5,2010,9,5
47,163990,60,4,65,8461,4,5,6,3,1,6,6,5,2006,2,13,3,0,3,5,3,3,4,6,0,728,1,2,5,728,728,0,0,2,1,3,3,8,1,3,2,2005,1,390,3,0,24,7,2006,7,6
48,181000,20,4,48,17043,1,2,17,3,1,3,6,5,1998,2,7,3,0,4,3,2,3,4,6,0,1362,5,2,5,1586,0,0,0,2,0,3,4,7,1,5,2,1979,3,435,3,192,0,1,2009,9,5
49,155000,60,4,69,7590,4,5,13,5,1,6,6,5,1966,2,13,2,266,4,5,2,4,4,2,512,148,5,2,5,660,688,0,0,1,1,3,4,6,1,2,2,1966,2,453,3,188,108,7,2006,9,5
50,226000,60,4,88,14200,4,1,13,3,1,6,7,6,1966,2,9,2,309,4,5,2,4,4,5,445,479,1,2,5,1216,941,0,0,2,1,4,3,8,2,3,2,1966,1,487,3,105,66,5,2006,9,5
51,180000,20,4,78,10335,1,5,19,3,1,3,5,6,1993,2,10,3,0,4,5,2,4,4,5,570,891,3,2,5,1721,0,0,0,2,1,3,4,7,1,5,2,1968,2,440,3,0,96,7,2006,9,5
52,174000,20,4,80,10400,4,5,17,3,1,3,7,6,1970,4,10,2,288,4,5,3,4,4,6,0,1304,3,2,5,1682,0,0,0,2,0,3,4,7,1,3,2,1970,3,530,3,98,0,5,2008,9,5
53,230000,60,4,73,9066,1,5,6,3,1,6,8,5,2000,2,13,2,320,3,5,3,3,3,3,668,336,1,2,5,1004,848,0,0,2,1,3,3,7,2,5,2,1999,1,660,3,224,106,12,2008,9,5
54,372402,20,4,107,13891,4,5,16,3,1,3,8,5,2008,4,13,4,436,3,5,3,1,2,3,1400,310,1,2,5,1710,0,1,0,2,0,2,3,6,1,3,2,2007,2,866,3,0,102,1,2008,7,6
55,269500,60,4,92,12003,4,1,24,3,1,6,8,5,2010,2,13,2,84,3,5,3,1,4,6,0,774,1,2,5,774,1194,0,0,2,1,4,1,8,1,3,4,2009,1,680,3,0,75,5,2010,7,6
56,254900,60,2,100,12552,4,1,21,3,1,6,7,5,2005,2,13,3,0,3,5,3,3,4,3,222,769,1,2,5,991,956,0,0,2,1,3,3,8,1,3,2,2004,2,678,3,0,136,5,2010,9,5
57,320000,60,4,134,19378,1,1,9,3,1,6,7,5,2006,2,13,2,456,3,5,3,3,3,3,57,1335,1,2,5,1392,1070,1,0,2,1,4,3,9,1,3,2,2006,2,576,3,239,132,3,2006,7,6
58,412500,60,4,110,13688,1,5,16,3,1,6,9,5,2004,2,13,2,664,3,5,3,1,1,3,1016,556,1,2,5,1572,1096,1,0,2,1,3,1,10,2,3,4,2003,1,726,3,400,0,3,2008,9,5
59,220000,20,4,95,12182,4,1,16,3,1,3,7,5,2005,2,13,2,226,3,5,3,3,3,2,1201,340,1,2,5,1541,0,0,0,2,0,3,3,7,1,3,2,2005,2,532,3,0,70,5,2010,7,6
60,325624,60,4,86,10562,4,5,16,3,1,6,8,5,2007,2,13,4,300,3,5,3,1,4,3,1288,294,1,2,5,1610,551,1,0,1,1,3,1,8,1,3,2,2007,1,789,3,178,120,11,2007,7,6
61,183500,60,4,62,8244,1,5,9,3,1,6,7,5,2004,2,13,3,0,3,5,3,3,4,6,0,840,1,2,5,840,880,0,0,2,1,3,3,7,1,3,2,2004,1,440,3,100,48,5,2007,9,5
62,215000,20,4,141,31770,1,1,13,3,1,3,6,5,1960,4,4,4,112,4,5,2,4,2,2,639,441,2,2,5,1656,0,1,0,1,0,3,4,7,2,3,2,1960,1,528,2,210,62,5,2010,9,5
63,239000,160,4,44,5306,1,5,22,3,5,6,7,7,1987,2,7,3,0,3,3,3,3,4,3,495,354,3,2,5,1064,703,1,0,2,0,2,3,5,1,5,2,1987,2,504,3,441,35,6,2006,9,5
64,163000,20,4,80,10197,1,5,13,3,1,3,6,5,1961,2,15,1,491,4,5,2,4,4,1,288,700,5,2,5,1362,0,1,0,1,1,3,4,6,1,5,2,1961,3,504,3,0,20,6,2008,1,5
65,184000,20,4,47,12416,1,5,24,3,1,3,6,5,1986,2,13,4,132,4,5,2,3,4,1,1398,0,5,2,5,1651,0,1,0,2,0,3,4,7,1,5,2,1986,1,616,3,192,0,11,2008,9,5
66,243000,20,4,84,12615,4,1,8,3,1,3,6,7,2001,2,15,3,0,4,5,2,4,1,1,477,725,5,2,5,2158,0,1,0,2,0,4,3,7,1,3,2,1950,3,576,3,0,29,6,2007,9,5
67,211000,60,4,97,10029,1,1,5,3,1,6,6,5,1989,2,10,2,268,3,5,3,3,4,3,831,320,5,2,5,1164,896,0,1,2,1,4,4,8,1,5,2,1988,3,521,3,0,228,9,2007,9,5
68,501837,20,4,63,17423,1,2,22,3,1,3,9,5,2009,4,13,4,748,1,5,3,1,4,3,1904,312,1,2,5,2234,0,1,0,2,0,1,1,9,1,3,2,2009,1,1166,3,0,60,7,2009,7,6
69,200100,70,4,54,7588,4,5,7,3,1,6,7,6,1950,2,12,3,0,4,5,1,2,4,4,352,441,3,2,5,901,901,0,0,1,1,4,4,9,1,3,6,1920,3,216,3,0,0,7,2006,9,5
70,475000,75,5,90,22950,2,5,18,1,1,4,10,9,1993,2,14,3,0,3,3,1,4,3,6,0,1107,1,2,5,1518,1518,0,0,2,1,4,1,12,2,5,6,1993,3,840,3,0,260,6,2006,9,5
71,153337,90,4,64,7018,4,5,20,2,3,7,5,5,1979,2,10,4,275,4,5,2,3,1,3,1086,0,5,2,5,1224,0,2,0,0,2,2,4,6,2,5,6,1979,3,528,3,120,0,6,2009,9,3
72,286000,120,4,41,4923,4,5,22,3,5,3,8,5,2002,2,6,3,0,3,5,3,1,1,3,1153,440,1,2,5,1593,0,1,0,1,1,0,1,5,1,3,2,2001,1,682,3,0,120,8,2008,9,5
73,315000,70,4,70,10570,4,5,7,3,1,6,8,8,1994,4,4,3,0,3,5,2,3,4,5,297,556,5,2,5,1549,1178,0,0,2,1,3,3,10,2,5,6,1932,3,440,3,0,74,12,2007,9,5
74,148500,160,4,24,2280,4,3,15,3,4,6,6,6,1976,2,10,3,0,4,5,2,3,4,1,566,289,5,2,5,855,601,0,0,2,1,3,4,7,1,5,2,1976,3,440,3,87,0,7,2009,9,5
75,311872,20,4,79,9416,4,5,21,3,1,3,7,5,2007,4,6,4,205,1,5,3,1,4,3,1126,600,1,2,5,1726,0,1,0,2,0,3,1,8,1,3,2,2007,1,786,3,171,138,9,2007,7,6
76,235000,75,4,174,25419,4,1,13,1,1,6,8,4,1990,2,12,3,0,3,3,3,4,4,3,1036,140,3,2,5,1360,1360,1,1,2,0,4,3,8,1,1,6,1918,3,795,3,0,16,3,2006,9,1
77,274900,20,4,76,9591,4,5,16,3,1,3,8,5,2005,4,13,2,262,3,5,3,1,1,3,1088,625,1,2,5,1713,0,1,0,2,0,3,1,7,1,3,2,2004,1,856,3,0,26,1,2009,9,5
78,171500,20,4,75,10125,4,5,12,3,1,3,6,6,1977,2,10,3,0,4,5,2,4,4,1,641,276,5,2,5,1279,0,0,1,2,0,3,4,6,2,2,6,1980,3,473,3,238,83,2,2008,9,5
79,143900,20,4,40,13673,1,2,19,6,1,3,5,5,1962,2,7,3,0,4,3,2,4,4,6,0,1140,5,2,5,1696,0,0,0,1,1,3,4,8,1,5,2,1962,2,349,3,0,30,3,2007,9,5
80,252678,60,2,72,8640,4,5,21,3,1,6,7,5,2009,2,13,3,0,4,5,3,3,4,3,822,78,1,2,5,932,920,1,0,2,1,3,3,7,1,5,2,2009,2,644,3,168,108,7,2009,7,6
81,134450,20,4,72,10011,1,5,13,3,1,3,5,6,1996,2,7,2,64,4,5,2,4,4,2,360,710,5,2,5,1236,0,0,1,1,0,2,3,6,1,2,2,1957,3,447,3,0,0,5,2006,9,5
82,179900,60,4,85,11475,4,5,17,7,1,6,6,6,1975,2,13,3,0,4,5,2,3,4,1,550,163,5,2,5,811,741,1,0,2,1,3,4,6,1,5,2,1975,2,434,3,209,208,2,2006,9,5
83,386250,20,4,103,13472,4,5,16,3,1,3,10,5,2003,4,13,2,922,1,5,3,1,2,3,56,2336,1,2,5,2392,0,0,0,2,0,3,1,8,1,1,2,2003,1,968,3,248,105,6,2009,9,5
84,290000,60,4,82,9950,1,5,14,3,1,6,7,5,1995,2,13,2,290,3,5,3,3,4,3,565,638,1,2,5,1214,1306,0,0,2,1,4,3,9,1,5,2,1995,2,721,3,224,114,6,2007,9,1
85,125000,20,4,70,8521,4,3,19,2,1,3,5,5,1967,2,7,3,0,4,5,2,4,4,1,842,70,5,2,5,912,0,0,0,1,0,3,4,5,1,2,6,1974,3,336,3,0,0,5,2010,9,5
86,192500,120,4,43,3182,4,5,1,3,5,3,7,5,2006,2,13,2,16,3,5,3,3,1,3,16,1357,1,2,5,1555,0,0,0,2,0,2,3,7,1,5,2,2005,1,430,3,143,20,5,2009,9,5
87,403000,60,4,174,15138,1,5,14,3,1,6,8,5,1996,2,13,2,506,3,5,3,3,4,3,689,773,1,2,5,1490,1304,1,0,2,1,4,1,9,1,5,2,1995,1,810,3,0,146,7,2009,9,5
88,94500,160,5,21,1680,4,5,3,3,4,6,6,5,1972,2,7,2,297,4,5,2,4,4,6,0,483,5,2,5,483,504,0,0,1,1,2,4,5,1,4,2,1972,3,288,3,0,0,6,2006,9,5
89,113000,50,4,52,8741,4,5,8,3,1,1,6,4,1950,2,13,3,0,4,5,2,4,4,4,94,641,5,2,1,798,689,0,0,1,1,3,4,7,1,3,6,1949,3,220,3,0,140,4,2010,9,5
90,120000,160,4,75,10762,4,1,20,3,5,6,6,6,1980,2,10,3,0,4,5,2,3,4,6,0,626,5,2,5,626,591,0,0,1,1,3,4,6,1,5,2,1980,2,288,3,0,28,4,2009,9,5
91,241500,20,4,80,10400,4,5,17,3,1,3,7,5,1988,2,14,2,102,4,5,2,3,1,3,929,916,3,2,5,1872,0,0,1,2,0,3,4,6,1,5,2,1988,1,604,3,197,39,6,2006,9,5
92,140000,20,4,75,11310,4,5,13,3,1,3,6,5,1954,4,14,3,0,4,5,2,4,4,6,0,1367,1,2,5,1375,0,0,0,1,0,2,4,5,1,5,2,1954,3,451,3,0,30,6,2006,9,5
93,235000,120,5,44,4750,1,5,7,3,5,3,8,5,2007,4,13,4,481,3,5,3,3,2,3,1573,0,1,2,5,1625,0,1,1,2,0,2,3,5,1,3,2,2006,1,538,3,123,0,12,2007,9,4
94,230000,60,4,66,8738,1,5,9,3,1,6,7,5,1999,2,13,2,302,3,5,3,3,4,6,0,975,1,2,5,1005,1286,0,0,2,1,4,3,8,1,5,4,1999,1,429,3,192,0,2,2006,9,5
95,220000,20,4,68,8814,4,5,6,3,1,3,7,5,2006,2,13,4,180,3,5,3,3,4,3,1334,270,1,2,5,1604,0,1,0,2,1,3,3,8,1,3,2,2006,2,660,3,123,110,3,2009,9,1
96,231500,60,4,80,12435,4,5,6,3,1,6,7,5,2001,2,13,2,172,3,5,3,3,4,3,361,602,1,2,5,963,829,0,0,2,1,3,3,7,1,5,2,2001,2,564,3,0,96,5,2008,9,5
97,176000,80,4,120,19296,4,1,13,1,1,8,6,5,1962,2,14,2,399,4,5,2,4,2,5,672,0,5,2,5,1382,0,1,0,1,0,3,4,6,1,5,2,1991,3,884,3,0,0,5,2009,9,5
98,276000,60,4,69,9588,1,5,6,3,1,6,8,5,2007,2,6,4,270,3,5,3,1,4,6,0,1482,1,2,5,1482,1092,0,0,2,1,3,1,10,1,3,4,2007,1,868,3,0,148,11,2007,7,6
99,151000,80,4,88,8471,1,1,19,3,1,8,6,7,1995,2,7,2,46,4,5,2,3,1,1,506,0,5,2,5,1212,0,1,0,1,0,3,4,6,1,5,2,1978,3,492,3,292,12,7,2006,9,5
100,175500,20,4,78,12090,1,5,17,3,1,3,6,6,1981,2,9,2,210,4,3,2,3,4,3,588,606,5,2,5,1422,0,0,0,2,0,3,3,7,1,5,2,1981,1,576,3,276,0,6,2008,9,5
101,185000,60,4,70,11207,1,3,9,3,1,6,6,5,1997,2,13,3,0,4,5,3,3,1,3,714,88,3,2,5,802,709,1,0,2,1,3,4,8,1,5,2,1997,1,413,3,95,75,6,2006,9,5
102,179500,75,4,60,8400,4,5,23,3,1,4,5,8,1997,2,14,3,0,4,5,3,4,4,4,378,342,1,2,5,1052,720,0,0,2,1,4,3,8,1,3,6,1939,3,240,3,262,24,7,2008,9,5
103,120500,30,5,71,6900,4,5,10,3,1,3,5,6,1955,2,13,3,0,4,5,2,4,4,1,403,212,1,2,5,778,0,0,0,1,0,2,4,4,1,3,6,1966,1,924,3,0,25,2,2008,9,5
104,266000,60,2,84,10728,4,5,21,3,1,6,8,5,2006,2,13,3,0,3,5,3,3,3,6,0,1095,3,2,5,1095,844,0,0,2,1,3,3,8,1,3,2,2006,2,1053,3,192,51,8,2006,7,6
105,241500,20,4,73,39104,1,2,5,3,1,3,7,7,2005,1,10,3,0,4,5,2,3,2,4,226,96,1,2,5,1363,0,1,0,1,0,2,4,5,2,5,2,1954,3,439,3,81,0,4,2008,9,5
106,290000,60,4,92,11764,1,2,14,3,1,6,8,7,2007,2,13,2,348,3,5,3,3,4,3,524,628,1,2,5,1164,1106,0,0,2,1,4,3,9,1,3,2,1999,1,671,3,132,57,4,2010,9,5
107,139000,20,4,80,9600,4,5,13,2,1,3,6,6,1988,4,14,1,183,4,5,2,4,4,5,620,0,3,2,5,1632,0,1,0,2,0,3,4,6,1,3,2,1958,2,338,3,289,0,4,2009,9,5
108,415298,20,4,107,14450,4,5,16,3,1,3,9,5,2007,2,6,2,315,1,5,3,1,2,6,0,2121,1,2,5,2121,0,0,0,2,1,3,1,8,1,1,2,2007,1,732,3,124,98,5,2007,7,6
109,192000,60,4,83,10005,4,5,5,3,1,6,7,5,1977,4,10,2,299,4,5,2,3,4,2,392,768,1,2,5,1156,866,0,0,2,1,4,4,8,1,5,2,1977,1,505,3,288,117,3,2008,9,5
110,228500,60,4,82,11287,4,5,20,3,1,6,7,6,1989,2,10,2,340,3,5,2,3,1,3,421,386,3,2,5,1175,807,0,0,2,1,3,3,7,1,5,2,1989,1,575,3,0,84,1,2007,9,5
111,207500,120,4,34,5063,4,5,16,3,4,3,7,5,2008,2,13,4,166,3,5,3,3,4,3,904,410,1,2,5,1314,0,1,0,2,0,2,3,6,1,3,2,2008,2,626,3,172,62,4,2009,5,5
112,244600,20,4,74,9612,4,5,21,2,1,3,8,5,2009,2,13,4,72,3,5,3,3,4,6,0,1468,1,2,5,1468,0,0,0,2,0,3,3,6,1,3,2,2008,1,898,3,210,150,12,2009,7,6
113,159000,50,4,77,9786,1,5,13,3,1,1,6,7,1981,2,14,3,0,4,5,2,4,4,5,600,312,5,2,5,1085,649,0,0,1,1,3,3,7,1,3,2,1962,2,440,3,0,0,6,2006,9,5
114,233230,60,4,120,15611,4,5,6,3,1,6,8,5,2006,2,13,3,0,3,5,3,3,1,6,0,1079,1,2,5,1079,840,0,0,2,1,3,3,8,1,3,2,2006,2,685,3,0,51,7,2006,7,6
115,131000,50,4,60,11409,4,5,8,3,1,1,5,4,2008,2,14,3,0,4,5,2,4,4,4,292,476,3,2,5,1148,568,0,0,1,1,3,4,8,1,3,2,1949,3,281,3,0,0,1,2009,9,5
116,167000,20,4,80,9600,4,5,13,3,1,3,6,5,1953,4,7,4,238,4,5,2,4,4,3,1285,131,5,2,5,1644,0,1,0,1,0,3,4,7,2,3,2,1953,1,418,3,110,0,10,2009,9,5
117,239000,60,2,66,7399,1,5,21,3,1,6,7,5,1998,4,13,2,1600,3,5,3,3,4,2,649,326,1,2,5,975,975,0,0,2,1,3,3,7,1,5,6,1997,2,576,3,0,10,6,2007,9,5
118,175000,60,4,90,11700,4,5,17,3,1,6,6,6,1968,5,7,2,365,3,5,2,4,4,1,384,143,3,2,5,1041,702,0,1,1,2,3,4,7,1,3,2,1968,3,539,3,224,0,6,2007,9,5
119,158500,20,4,80,14000,4,5,7,3,1,3,6,8,2004,2,7,3,0,4,3,2,4,4,6,0,1092,1,2,5,1152,0,0,1,1,0,3,3,6,1,3,2,1950,3,300,3,0,36,8,2009,9,4
120,157000,190,4,90,15750,4,1,7,3,2,3,5,5,1953,4,9,2,56,4,5,2,4,3,2,841,324,5,2,5,1336,0,1,0,1,0,2,4,5,2,3,2,1953,3,375,3,0,0,6,2006,9,5
121,267000,60,4,66,16226,3,5,6,3,1,6,8,5,1999,2,13,3,0,3,5,3,3,4,3,281,747,1,2,5,1210,1242,0,0,2,1,4,3,9,1,5,4,1998,1,683,3,208,50,5,2007,9,5
122,205000,20,4,118,13704,1,1,6,3,1,3,7,5,2002,2,13,2,150,3,5,3,3,4,6,0,1541,1,2,5,1541,0,0,0,2,0,3,3,6,1,5,2,2001,2,843,3,468,81,1,2006,9,5
123,295000,75,5,87,18386,4,5,18,3,1,4,7,9,2002,2,6,3,0,4,5,1,4,4,6,0,1470,1,2,5,1675,1818,0,0,3,0,3,3,10,1,1,2,2003,3,870,3,302,0,5,2008,9,5
124,225000,60,4,116,13474,4,5,20,2,1,6,7,5,1991,2,7,2,246,3,5,2,3,4,1,700,0,3,2,5,1122,1121,1,0,2,1,4,3,8,1,5,2,1990,2,746,3,127,44,6,2007,9,5
125,360000,20,4,90,12378,1,5,16,3,1,3,9,5,2004,2,13,3,0,3,5,3,1,2,3,1274,622,1,2,5,1944,0,1,0,2,0,3,1,8,3,1,2,2003,1,708,3,208,175,11,2006,9,5
126,132000,20,4,50,8000,4,5,13,3,1,3,6,6,2002,2,13,3,0,4,3,2,4,4,1,680,292,1,2,5,972,0,1,0,1,0,2,4,5,1,3,6,1948,3,240,3,0,0,5,2009,9,5
127,119900,190,5,65,7800,4,5,18,1,2,1,5,7,1950,2,9,3,0,4,5,2,3,3,5,507,286,5,2,5,793,325,1,0,1,0,3,4,5,1,3,6,1939,3,410,3,0,0,5,2006,9,5
128,375000,20,4,150,215245,3,5,24,3,1,3,7,5,1965,4,4,3,0,4,5,2,3,2,1,1236,80,5,2,5,2036,0,2,0,2,0,3,4,8,2,3,2,1965,2,513,3,0,0,6,2009,9,5
129,178000,70,5,60,9600,4,5,18,3,1,6,7,7,1990,2,14,3,0,4,5,1,4,4,4,16,712,1,2,5,832,809,0,1,1,1,3,1,6,1,3,6,1925,3,546,3,0,0,8,2006,9,5
130,188500,60,4,71,7795,1,5,9,3,1,6,7,5,2005,2,13,3,0,3,5,3,3,4,3,425,291,1,2,5,716,716,1,0,2,1,3,3,6,1,3,2,2004,1,432,3,100,51,7,2009,9,5
131,260000,60,4,94,13005,1,1,17,3,1,6,7,7,1980,2,6,2,278,3,5,2,3,4,3,692,153,5,2,5,1153,1200,1,0,2,1,4,1,10,1,5,2,1983,2,484,3,288,195,8,2009,9,5
132,270000,60,2,75,9000,4,5,21,3,1,6,8,5,2006,2,13,3,0,3,5,3,3,1,6,0,1088,1,2,5,1088,871,0,0,2,1,3,3,8,1,3,2,2006,2,1025,3,208,46,12,2007,9,5
133,260000,60,4,90,9900,4,5,14,3,1,6,7,5,1993,2,7,2,256,3,5,3,3,2,3,987,360,1,2,5,1372,1274,1,0,2,1,4,3,9,1,5,2,1993,2,656,3,340,60,4,2009,9,5
134,354000,60,4,99,12099,1,5,16,3,1,6,8,5,2004,2,13,2,388,3,5,3,1,1,3,970,166,1,2,5,1136,1332,1,0,2,1,4,3,10,1,3,4,2004,1,872,3,184,154,6,2007,9,5
135,301000,60,4,86,10380,1,5,20,3,1,6,7,5,1987,2,10,2,172,3,5,2,4,2,4,28,0,1,2,5,1553,1177,1,0,2,1,4,3,8,1,5,2,1987,1,576,3,201,96,8,2007,9,5
136,242000,80,4,96,11275,4,1,13,5,1,8,7,7,2007,5,14,2,300,3,3,2,3,4,6,0,710,1,2,5,1898,1080,0,0,2,1,5,3,11,1,3,4,1961,1,564,3,240,0,6,2010,9,5
137,324000,120,4,32,10846,1,2,25,3,5,3,8,5,1993,2,4,3,0,3,5,3,3,2,3,1619,100,1,2,5,1719,0,2,0,1,1,1,3,6,2,3,2,1993,1,473,3,122,30,5,2008,2,5
138,284000,20,4,85,10655,1,5,16,3,1,3,8,5,2004,2,13,2,296,3,5,3,3,4,3,1124,1603,1,2,5,1629,0,1,0,2,0,3,3,7,1,3,2,2003,2,880,3,0,0,10,2009,9,5
139,207000,120,5,59,8198,4,4,16,3,5,3,7,5,2004,2,13,4,146,3,5,3,3,1,3,720,638,1,2,5,1358,0,1,0,2,0,2,3,6,1,3,2,2004,2,484,3,192,30,7,2008,9,5
140,192000,60,4,59,9042,1,5,9,3,1,6,6,5,1998,2,13,3,0,4,5,3,3,2,3,828,115,3,2,5,943,695,1,0,2,1,3,4,7,2,5,2,1998,1,472,3,100,38,7,2008,9,5
141,377426,20,4,86,14157,1,1,22,3,1,3,9,5,2006,4,13,4,200,3,5,3,1,2,3,1249,673,1,2,5,1922,0,1,0,2,0,3,3,8,1,3,2,2005,1,676,3,178,51,7,2007,9,5
142,266000,120,4,63,8849,1,5,16,3,5,3,9,5,2005,4,9,2,616,1,5,3,1,4,3,28,1656,1,2,5,1684,0,0,0,2,0,2,1,6,1,1,2,2005,2,564,3,495,72,7,2008,9,5
143,140200,50,4,65,6435,4,5,4,7,1,1,6,5,1950,2,9,3,0,4,5,1,4,4,6,0,972,3,2,5,972,605,0,0,1,0,3,2,6,1,3,6,1939,3,312,3,0,0,10,2006,9,5
144,437154,60,4,56,20431,2,5,16,3,1,6,9,5,2006,4,6,2,870,1,5,3,1,4,3,1410,438,1,2,5,1848,880,1,0,2,1,4,1,10,2,1,2,2006,1,706,3,0,0,4,2006,7,6
145,318061,120,4,68,7820,1,5,16,3,5,3,9,5,2007,4,9,2,362,1,5,3,1,4,6,0,1869,1,2,5,1869,0,0,0,2,0,2,1,6,1,3,2,2007,2,617,3,210,54,12,2007,7,6
146,140000,50,4,60,8400,4,5,23,3,1,1,6,5,2000,2,14,3,0,4,5,2,4,4,4,388,552,1,2,5,1192,403,0,0,1,0,2,4,6,2,3,2,1940,3,240,3,0,0,6,2006,9,5
147,134000,120,5,44,4224,4,5,11,3,5,3,5,5,1976,2,6,3,0,4,5,3,3,4,1,874,268,5,2,5,1142,0,1,0,1,1,3,4,6,1,4,2,1976,1,528,3,536,90,8,2007,9,5
148,280000,60,4,78,12011,1,2,14,3,1,6,8,5,1998,2,13,2,530,3,5,3,3,1,3,956,130,1,2,5,1086,838,1,0,2,1,3,3,7,1,5,2,1998,2,592,3,208,75,6,2006,9,5
149,165000,80,4,101,9150,1,1,13,3,1,8,6,5,1962,2,10,2,305,4,5,2,3,2,3,371,728,3,2,5,1431,0,0,1,1,0,3,4,6,1,3,3,1962,2,296,3,64,110,12,2008,9,5
150,132000,20,4,78,7800,4,5,13,3,1,3,5,6,1954,2,7,2,200,4,5,3,4,4,4,540,728,3,2,5,1268,0,0,0,1,0,2,4,7,1,3,2,1954,1,244,3,0,98,3,2010,9,5
151,219500,60,4,65,8200,4,5,6,3,1,6,7,5,2004,2,13,3,0,3,5,3,3,4,6,0,847,1,2,5,847,1081,0,0,2,1,4,3,8,1,3,4,2003,1,434,3,100,48,7,2007,9,5
152,340000,60,2,102,11143,1,1,21,3,1,6,8,5,2005,2,6,3,0,3,5,3,3,4,6,0,1580,1,2,5,1580,886,0,0,3,0,4,3,8,1,3,2,2004,2,610,3,159,214,12,2007,9,5
153,394432,20,4,88,11394,4,1,22,3,1,3,9,2,2010,4,13,4,350,3,5,3,1,1,3,1445,411,1,2,5,1856,0,1,0,1,1,1,1,8,1,1,2,2010,1,834,3,113,0,6,2010,7,6
154,179000,60,4,60,8123,1,5,9,7,1,6,6,5,2000,2,13,2,16,4,5,3,3,4,6,0,982,1,2,5,1007,793,0,0,2,1,3,4,7,1,5,2,2000,1,463,3,100,63,6,2009,9,5
155,127000,50,4,50,5000,4,5,23,3,1,1,5,6,1950,2,4,3,0,4,5,1,4,4,4,218,808,5,2,5,1026,665,0,0,2,0,3,3,6,1,3,6,1924,3,308,3,0,0,5,2010,9,5
156,187750,20,2,60,7200,4,5,21,3,1,3,7,5,2006,2,13,3,0,3,5,3,3,4,6,0,1293,1,2,5,1301,0,1,0,2,0,2,3,5,1,3,2,2006,2,572,3,216,121,8,2006,7,6
157,192000,120,4,43,3182,4,5,1,3,5,3,8,5,2005,2,13,2,16,3,5,3,3,4,3,24,1232,1,2,5,1269,0,0,0,2,0,2,3,6,1,5,2,2004,1,430,3,146,20,4,2010,9,5
158,125000,80,4,72,7200,4,5,8,3,1,8,6,6,1976,4,9,2,255,4,5,2,4,1,1,631,410,1,2,5,1125,0,1,0,1,0,3,4,6,1,2,6,1977,3,352,3,296,0,10,2009,9,1
159,426000,60,4,96,12474,4,5,16,3,1,6,10,5,2008,2,13,4,272,1,5,3,1,1,3,1280,402,1,2,5,1742,590,1,0,2,1,3,1,9,1,1,4,2008,1,846,3,196,134,8,2008,7,6
160,215000,60,4,71,12209,1,2,12,3,1,6,6,5,2002,2,13,3,0,4,5,3,1,4,1,690,114,1,2,5,804,1157,1,0,2,1,3,3,7,1,5,4,2001,1,560,3,125,192,6,2009,9,5
161,169500,60,4,69,7590,4,5,13,5,1,6,5,5,1962,2,13,2,288,4,5,2,4,4,1,540,324,5,2,5,876,936,0,0,2,0,4,4,8,1,5,2,1962,2,264,3,0,168,7,2007,9,5
162,245500,120,4,38,14963,2,5,25,3,5,3,8,5,1996,2,4,3,0,3,5,3,3,4,3,786,474,1,2,5,1288,0,1,0,1,1,1,1,4,2,3,2,1996,1,500,3,120,30,12,2008,9,5
163,164990,20,4,65,8767,1,5,6,3,1,3,7,5,2005,2,13,3,0,3,5,3,3,1,3,24,1286,1,2,5,1310,0,0,0,2,0,3,3,6,1,3,2,2005,1,400,3,0,0,7,2006,7,6
164,258000,60,4,93,12090,4,1,14,3,1,6,8,5,1998,4,13,2,650,3,5,3,3,4,6,0,1141,3,2,5,1165,1098,0,0,2,1,4,3,10,1,5,4,1998,1,420,3,144,123,7,2006,9,1
165,280000,60,4,109,14154,4,1,16,3,1,6,7,5,2006,2,13,2,350,3,5,3,1,4,6,0,1063,1,2,5,1071,1101,0,0,2,1,3,3,9,1,3,2,2006,2,947,3,192,62,8,2007,7,6
166,339750,60,2,85,10800,4,5,21,3,1,6,8,5,2008,2,13,4,100,3,5,3,1,4,3,789,245,1,2,5,1050,1028,1,0,2,1,3,1,8,1,3,2,2008,1,836,3,0,102,4,2008,7,6
167,115000,30,5,56,8960,4,5,18,1,1,3,5,6,1950,2,15,3,0,4,5,2,4,4,6,0,1008,3,2,1,1028,0,0,0,1,0,2,4,5,1,3,6,1927,3,360,3,0,0,3,2010,9,5
168,228000,60,4,59,11228,2,2,20,3,1,6,7,5,1993,2,13,3,0,3,5,3,3,4,2,50,499,1,2,5,1080,1017,0,1,2,1,3,3,9,1,5,2,1993,3,678,3,196,187,12,2008,9,5
169,149500,60,4,74,7844,4,5,19,3,1,6,6,7,1978,4,7,2,203,4,5,2,4,4,1,209,463,5,2,5,672,728,0,0,1,1,3,4,6,1,5,2,1978,1,440,3,0,0,3,2006,9,5
170,239000,70,4,86,22420,1,5,7,2,1,6,6,6,1950,4,14,3,0,4,5,1,3,4,2,1128,242,5,1,1,1370,1254,1,0,2,1,4,4,10,1,3,6,1918,3,864,1,0,0,11,2007,9,5
171,142000,20,4,65,8450,4,5,13,3,1,3,5,6,1968,2,13,3,0,4,5,2,4,4,2,775,281,1,2,5,1056,0,1,0,1,0,3,4,6,1,2,2,1968,3,304,3,0,85,7,2010,9,5
172,315000,60,4,80,9200,4,5,14,3,1,6,8,5,1998,2,13,2,473,3,5,3,3,4,3,986,484,3,2,5,1470,1160,1,0,2,1,4,3,8,1,5,2,1998,1,696,3,0,66,6,2008,9,5
173,139000,20,4,72,9000,4,5,13,3,1,3,6,5,1956,2,14,2,74,4,5,2,3,4,4,616,580,3,2,1,1196,0,1,0,1,0,2,4,6,1,3,2,1956,2,297,3,0,44,5,2008,9,5
174,135000,60,5,60,3378,4,5,18,3,1,6,7,8,1992,2,7,3,0,4,3,2,4,4,6,0,651,3,2,5,707,682,0,0,1,1,3,4,6,2,3,6,1947,3,240,2,0,0,9,2009,9,5
175,175000,20,4,130,11457,1,1,24,3,1,3,6,5,1988,2,7,3,0,4,5,2,3,3,3,1005,387,5,2,5,1412,0,1,0,2,0,3,3,6,1,5,2,1988,3,576,3,0,0,3,2009,9,5
176,181000,60,4,100,10839,1,1,9,3,1,6,6,5,1998,2,13,3,0,4,5,3,3,4,6,0,926,1,2,5,926,678,0,0,2,1,3,4,7,1,5,2,1997,1,470,3,0,36,7,2008,9,5
177,212000,60,4,43,10667,2,2,6,5,1,6,7,6,1996,2,13,3,0,3,5,3,3,1,3,385,70,1,2,5,827,834,1,0,2,1,3,3,6,1,5,2,1996,2,550,3,158,61,4,2009,5,5
178,90350,30,4,40,4280,4,5,7,3,1,3,5,6,2002,2,15,3,0,4,5,3,4,4,4,365,75,5,1,5,694,0,0,0,1,0,2,3,4,1,3,6,1990,3,352,2,0,0,3,2007,9,5
179,555000,20,4,105,15431,4,5,16,3,1,3,10,5,2008,4,13,4,200,1,5,3,1,2,3,1767,788,1,2,5,2402,0,1,0,2,0,2,1,10,2,3,2,2008,1,672,3,0,72,4,2009,9,5
180,162900,50,5,52,6240,4,5,4,3,1,1,5,7,1992,2,9,3,0,4,5,3,4,4,6,0,1078,5,2,5,1128,445,0,0,2,0,3,4,8,1,3,6,1930,3,360,2,0,0,6,2008,9,5
181,172500,120,4,53,3922,4,5,1,3,5,3,7,5,2007,2,15,2,72,3,5,3,1,1,6,0,1258,1,2,5,1258,0,0,0,2,0,2,3,6,1,3,2,2007,1,648,3,144,16,6,2007,7,6
182,210000,60,4,70,8750,4,5,6,3,1,6,7,5,1995,2,13,3,0,3,3,3,3,4,3,642,273,1,2,5,933,975,1,0,2,1,4,3,8,1,5,2,1994,3,493,3,144,133,7,2008,9,5
183,127500,20,4,73,9855,4,1,8,3,1,3,6,5,1956,4,14,3,0,4,5,2,4,4,6,0,1436,2,2,5,1689,0,0,0,1,0,3,4,7,1,3,2,1956,3,480,3,0,0,11,2009,1,5
184,190000,20,4,137,16492,1,1,13,4,1,3,6,6,2002,2,4,3,0,3,5,2,4,4,1,247,557,1,2,5,1888,0,0,0,2,1,2,3,6,1,3,2,1966,1,578,3,0,0,6,2010,9,5
185,119500,50,5,50,8600,4,5,10,3,1,1,6,6,1950,2,9,3,0,4,5,1,4,4,6,0,780,5,2,5,780,596,0,0,2,0,3,4,7,1,3,6,1937,3,198,1,0,0,6,2006,9,5
186,280000,20,4,62,70761,1,5,5,3,1,3,7,5,1975,2,10,3,0,4,5,2,3,2,1,655,878,5,2,5,1533,0,1,0,2,0,2,3,5,2,5,2,1975,3,576,3,200,54,12,2006,9,5
187,175500,20,4,80,9600,4,5,17,3,1,3,7,6,1973,4,7,2,320,4,5,2,4,4,1,916,326,2,2,5,1242,0,0,0,1,1,3,4,6,1,5,2,1973,3,528,3,0,0,9,2007,9,5
188,62383,20,4,60,8281,1,5,19,3,1,3,5,5,1965,2,9,3,0,4,5,2,4,4,5,553,0,3,2,5,864,0,0,0,1,0,3,4,5,1,4,6,1965,3,360,3,0,0,12,2009,9,5
189,188700,70,4,74,11988,1,5,7,3,1,6,6,7,1995,4,12,3,0,4,5,2,4,4,4,326,389,2,2,1,849,811,0,0,1,1,3,4,6,1,3,6,1939,3,240,3,0,0,8,2008,9,5
190,167000,20,4,85,10628,4,5,13,3,1,3,7,5,1970,1,10,3,0,4,3,2,4,2,3,778,499,5,2,5,1277,0,1,0,1,0,2,4,5,1,4,2,1970,3,526,3,0,0,4,2007,9,5
191,146500,70,4,79,9480,4,5,13,1,1,6,5,7,1995,2,9,4,224,4,5,2,4,4,4,386,342,1,2,5,888,756,0,0,1,1,3,3,7,2,3,2,1942,3,312,3,168,0,6,2007,9,5
192,250000,20,4,98,11428,1,5,16,3,1,3,8,5,2006,2,13,4,248,3,5,3,3,4,6,0,1626,1,2,5,1634,0,0,0,2,0,3,3,7,1,3,2,2006,2,866,3,0,44,5,2007,9,5
193,190000,60,4,92,11952,4,5,17,4,1,6,7,6,1977,5,15,3,0,4,5,2,3,4,6,0,808,5,2,5,1161,808,0,0,2,1,3,4,8,1,3,2,1977,2,534,3,0,0,11,2007,9,5
194,440000,20,4,110,14977,1,5,16,3,1,3,8,5,2007,2,13,2,304,3,5,3,1,2,3,1350,626,1,2,5,1976,0,1,0,2,0,2,3,7,1,1,2,2006,2,908,3,250,63,7,2007,7,6
195,208900,20,4,75,13125,4,5,6,3,1,3,6,5,1998,2,13,2,215,4,5,3,3,2,3,994,484,1,2,5,1493,0,1,0,2,0,3,3,7,1,5,2,1997,1,508,3,140,39,4,2008,9,5
196,380000,60,4,105,13693,4,5,16,3,1,6,9,5,2006,4,13,2,772,1,5,3,3,1,6,0,2153,1,2,5,2069,574,0,0,2,1,3,1,9,1,3,4,2006,1,694,3,414,84,3,2007,9,5
197,297000,20,4,79,10637,4,5,6,3,1,3,8,5,2008,4,13,4,336,3,5,3,1,2,3,1288,417,1,2,5,1718,0,1,0,2,0,3,3,7,1,3,2,2007,2,826,3,208,44,9,2009,9,5
198,326000,20,4,98,16033,1,3,16,3,1,3,9,5,2005,4,13,2,378,3,5,3,1,2,3,1261,572,1,2,5,1850,0,1,0,2,0,3,3,8,1,3,2,2004,1,772,3,519,112,3,2006,9,5
199,374000,20,4,72,11846,1,5,16,3,1,3,9,5,2004,4,13,2,562,3,5,3,1,2,3,1567,225,1,2,5,1792,0,1,0,2,0,2,1,6,1,3,2,2003,1,874,3,206,49,8,2006,9,5
200,155000,70,5,50,2500,4,1,18,3,1,6,7,8,2005,2,12,3,0,3,5,3,4,4,1,299,611,1,2,5,916,910,1,0,1,1,4,1,7,1,3,2,1915,3,164,3,0,0,6,2009,9,5
201,147000,20,4,80,9600,4,5,13,3,1,3,5,7,2007,2,9,3,0,3,5,2,4,4,1,607,506,3,2,5,1113,0,0,0,1,0,3,3,5,1,3,2,1950,3,264,3,0,80,7,2009,9,5
202,175000,20,4,70,12243,1,5,17,3,1,3,5,6,1971,2,10,3,0,4,5,2,3,1,1,998,486,3,2,5,1484,0,0,0,2,0,3,4,7,1,5,2,1971,3,487,3,224,0,2,2007,9,5
203,160000,190,4,60,10800,4,1,18,3,2,1,5,4,1970,2,14,3,0,4,2,2,4,4,2,664,290,5,1,1,1766,648,0,0,2,0,3,4,10,1,3,2,1970,3,520,1,142,0,5,2006,3,5
204,133000,50,4,79,9490,4,5,13,1,1,1,6,7,1950,2,14,3,0,4,5,2,4,4,2,403,238,5,2,1,958,620,1,0,1,0,3,2,5,2,5,2,1941,3,240,3,0,0,8,2006,9,5
205,155000,20,4,70,7931,4,5,13,3,1,3,5,6,1960,2,4,3,0,4,5,2,4,4,2,374,363,5,2,1,1269,0,0,0,1,1,3,4,6,1,2,6,1964,3,308,3,0,0,6,2008,9,5
206,289000,20,4,100,15602,1,5,7,3,1,3,7,8,1997,2,4,3,0,4,5,2,4,4,1,1247,254,5,2,5,1801,0,1,0,2,0,1,4,6,2,5,2,1959,1,484,3,0,54,3,2010,9,5
207,147000,160,4,24,2308,4,5,15,3,5,6,6,5,1974,2,10,3,0,4,5,2,4,4,1,257,103,5,2,5,855,467,0,1,2,1,3,4,6,1,2,2,1974,3,440,3,260,0,6,2009,9,5
208,215000,60,4,80,9554,1,5,20,3,1,6,8,5,1994,2,13,2,125,3,5,3,3,4,3,380,397,1,2,5,1065,846,0,0,2,1,3,3,8,1,5,2,1993,2,471,3,182,81,9,2006,9,5
209,161000,70,5,60,9600,4,5,18,3,1,6,7,9,2005,3,9,3,0,4,1,1,4,4,5,141,548,1,2,5,689,689,0,0,2,0,3,3,7,1,3,6,1928,3,360,1,0,0,10,2008,9,5
210,164900,20,4,75,14559,4,5,13,3,1,3,5,7,2000,4,14,1,70,3,5,2,4,4,2,650,178,1,2,5,1363,0,1,0,1,0,2,4,6,2,5,5,1951,3,288,3,324,42,6,2009,9,5
211,202665,120,4,40,6792,1,5,16,3,5,3,7,5,2006,2,13,4,94,3,5,3,3,4,6,0,1368,1,2,5,1368,0,0,0,2,0,2,3,6,1,3,2,2005,2,474,3,132,35,3,2006,7,6
212,402861,20,4,94,12220,4,5,16,3,1,3,10,5,2009,4,6,2,305,1,5,2,1,4,3,1436,570,1,2,5,2020,0,1,0,2,1,3,1,9,1,3,2,2009,1,900,3,156,54,9,2009,7,6
213,265000,60,4,79,10208,1,5,14,3,1,6,7,5,1997,2,13,2,921,3,5,3,3,4,6,0,1264,1,2,5,1277,1067,0,0,2,1,3,3,7,1,5,2,1996,2,889,3,220,0,7,2009,9,5
214,234000,70,4,53,10918,4,5,7,3,1,6,7,9,2004,3,9,3,0,3,5,1,3,4,6,0,1276,1,2,5,1276,804,0,0,1,1,3,3,9,2,3,6,1926,3,282,3,0,0,6,2009,9,5
215,150000,20,4,90,11988,1,1,13,2,1,3,6,6,1957,2,13,3,0,4,5,2,4,4,5,777,467,1,2,1,1244,0,0,0,1,1,3,4,6,2,3,2,1957,3,336,3,0,40,5,2007,9,5
216,159000,50,5,50,5000,4,1,4,2,1,1,6,7,1950,2,6,3,0,4,3,2,4,4,1,399,605,1,2,5,1004,660,0,0,2,0,3,4,7,2,3,6,1950,3,420,3,0,24,10,2006,9,5
217,184750,60,4,130,40094,1,5,8,5,1,6,10,5,2008,4,6,4,762,1,5,3,1,2,3,2260,878,1,2,5,3138,1538,1,0,3,1,3,1,11,1,3,4,2007,1,884,3,208,406,10,2007,7,6
218,315750,60,4,95,11787,1,5,14,3,1,6,7,5,1997,2,13,2,594,3,5,3,3,4,3,719,660,1,2,5,1383,1015,1,0,2,1,3,3,8,1,5,2,1996,1,834,3,239,60,8,2007,9,5
219,176000,20,2,62,7500,4,5,21,3,1,3,7,5,2005,2,13,3,0,3,5,3,3,4,6,0,1257,1,2,5,1266,0,0,0,2,0,3,3,6,1,5,2,2005,3,453,3,38,144,4,2006,9,5
220,446261,60,4,67,14948,1,5,16,3,1,6,9,5,2008,4,13,4,268,1,5,3,1,1,3,1330,122,1,2,5,1476,1237,1,0,2,1,3,1,11,1,3,2,2008,1,858,3,126,66,11,2008,7,6
221,175000,80,4,85,10200,4,5,24,3,1,8,6,5,1989,2,7,2,219,3,5,2,3,1,3,783,678,1,2,5,1509,0,1,0,2,0,3,3,5,1,2,2,1988,2,600,3,224,0,8,2008,9,1
222,178000,60,4,74,9056,1,5,9,3,1,6,8,5,2004,2,13,3,0,3,5,3,1,1,6,0,707,1,2,5,707,707,0,0,2,1,3,3,6,1,3,2,2004,1,403,3,100,35,10,2006,9,5
223,315000,20,4,85,14601,4,5,24,3,1,3,9,5,2006,4,13,2,584,1,5,3,1,1,3,1260,578,1,2,5,1838,0,1,0,2,0,2,1,8,1,3,2,2006,1,765,3,270,68,3,2009,9,5
224,213250,20,4,78,10140,4,5,17,7,1,3,7,5,1999,4,13,3,0,3,5,3,1,4,4,144,379,1,2,5,1680,0,1,0,2,0,3,3,7,1,5,2,1998,1,583,3,78,73,6,2009,9,5
225,179665,60,4,58,17104,1,5,9,3,1,6,7,5,2006,2,13,3,0,3,5,3,3,1,3,554,100,1,2,5,664,832,1,0,2,1,3,3,7,1,3,2,2006,2,426,3,100,24,9,2006,7,6
226,210000,50,4,70,8737,1,5,4,3,1,1,6,7,1950,2,4,3,0,4,5,1,3,4,5,300,765,1,2,1,915,720,0,0,1,1,3,4,6,1,3,6,1950,3,440,3,0,38,5,2007,9,5
227,263000,60,2,75,9375,4,5,21,3,1,6,7,5,2004,2,13,3,0,3,5,3,3,4,6,0,912,1,2,5,912,1182,0,0,2,1,4,3,8,1,3,4,2003,1,615,3,182,182,11,2009,9,5
228,255500,20,4,87,11146,1,5,16,3,1,3,8,5,2006,2,13,4,250,3,5,3,1,1,6,0,1709,1,2,5,1717,0,0,0,2,0,3,3,7,1,3,2,2006,2,908,3,169,39,7,2009,9,5
229,284000,60,4,85,10625,4,5,16,3,1,6,7,5,2004,2,13,2,292,3,5,3,3,4,3,866,132,1,2,5,1006,1040,1,0,2,1,3,3,8,1,3,4,2003,2,871,3,320,62,8,2008,9,5
230,113000,45,5,58,6380,4,5,4,3,1,2,5,6,1950,2,9,3,0,4,5,1,4,4,6,0,993,5,2,1,1048,0,0,0,1,0,2,4,5,1,3,6,1922,3,280,3,0,0,8,2006,9,5
231,141000,20,4,69,14850,1,5,13,3,1,3,5,5,1957,2,14,3,0,4,5,2,4,4,5,895,197,5,2,1,1092,0,1,0,1,0,2,4,6,1,5,2,1957,1,299,3,268,0,5,2006,9,5
232,175000,60,4,57,21872,2,3,9,3,1,6,7,5,1997,2,7,3,0,4,5,3,3,2,3,604,125,1,2,5,729,717,0,1,2,1,3,4,6,1,5,2,1996,3,406,3,264,22,8,2008,9,5
233,170000,20,4,77,10010,4,5,12,3,1,3,5,5,1975,2,7,3,0,4,5,2,3,1,1,1071,195,3,2,5,1389,0,1,0,1,0,2,4,6,1,5,2,1975,2,418,3,240,38,4,2006,9,5
234,185000,50,4,66,21780,4,5,8,3,1,1,6,7,1950,2,14,3,0,4,5,1,3,3,6,0,1163,1,2,5,1163,511,0,0,2,0,4,4,8,1,3,6,1955,1,396,1,72,36,7,2008,9,5
235,325000,60,4,77,11198,1,5,22,3,1,6,9,5,2007,4,13,2,245,3,5,3,3,4,6,0,1122,1,2,5,1134,1370,0,0,2,1,4,1,11,1,3,4,2005,1,656,3,144,39,6,2008,9,5
236,316600,50,4,79,12327,1,5,20,3,1,1,8,8,2009,2,14,3,0,3,5,2,3,2,3,1441,55,1,2,5,1496,636,1,0,1,1,1,3,5,1,3,4,1983,1,612,3,349,40,9,2009,9,5
237,170000,80,4,76,9967,1,5,9,3,1,8,7,5,2000,2,13,3,0,4,5,3,3,4,6,0,384,1,2,5,774,656,0,0,2,1,3,4,8,1,5,4,2000,2,400,3,100,0,12,2007,9,5
238,145000,50,4,52,6292,4,5,23,3,1,1,7,7,1950,2,14,3,0,4,5,1,4,4,6,0,861,3,2,5,877,600,0,1,2,0,3,4,6,1,3,6,1928,3,216,3,0,50,8,2009,9,5
239,164500,80,4,96,11777,1,5,19,3,1,8,5,6,1966,2,13,2,97,4,5,2,4,1,4,328,285,1,2,5,1320,0,1,0,1,0,3,4,6,2,2,2,1966,2,564,3,160,68,5,2006,9,1
240,253293,20,4,98,12704,4,5,16,3,1,3,8,5,2009,4,13,2,306,1,5,3,1,4,6,0,2042,1,2,5,2042,0,0,0,2,1,3,1,8,1,3,2,2009,2,1390,3,0,90,8,2009,7,6
241,325000,75,5,75,13500,4,5,18,1,1,5,10,9,2000,2,14,3,0,1,1,1,4,4,6,0,1237,3,2,5,1521,1254,0,0,3,1,3,3,9,1,3,6,1988,3,880,3,105,502,7,2008,9,5
242,369900,20,4,88,11443,4,5,24,3,1,3,8,5,2006,4,13,2,208,3,5,3,1,2,3,1460,408,1,2,5,2028,0,1,0,2,0,2,3,7,2,3,2,2005,2,880,3,326,66,3,2006,7,6
243,143000,20,4,65,25095,1,5,5,3,1,3,5,8,2003,1,14,3,0,4,5,2,4,2,3,1324,113,1,2,5,1473,0,2,0,1,0,1,1,5,2,3,2,1968,3,452,3,0,48,6,2009,9,6
244,451950,60,4,97,13478,1,1,16,3,1,6,10,5,2008,2,6,4,420,1,5,3,1,2,3,1338,384,1,2,5,1728,568,1,0,2,1,3,1,10,1,3,4,2008,2,842,3,382,274,6,2009,4,5
245,319000,20,4,69,11302,1,5,22,3,1,3,8,5,2006,2,13,2,238,3,5,3,3,2,3,1422,392,1,2,5,1826,0,1,0,2,0,3,3,7,1,5,2,2005,1,758,3,180,75,8,2006,7,6
246,194201,120,4,53,3922,4,5,1,3,5,3,7,5,2007,2,13,2,72,3,5,3,1,1,6,0,1258,1,2,5,1402,0,0,2,0,2,2,3,7,1,3,2,2006,1,648,3,120,16,2,2007,7,6
247,217500,20,4,80,12984,4,5,7,3,1,3,5,6,1977,2,10,2,459,4,5,2,3,3,1,1283,0,1,2,5,1647,0,1,0,2,0,3,3,7,1,5,2,1977,1,621,3,0,0,3,2006,9,5
248,151000,160,5,24,1950,4,5,2,3,4,6,6,6,1980,2,9,3,0,4,3,2,3,4,4,81,23,5,2,5,716,840,1,0,2,1,3,4,6,1,5,2,1980,1,452,3,161,0,7,2008,1,5
249,275000,60,4,74,10927,4,5,16,3,1,6,8,5,2005,2,13,2,280,3,5,3,3,1,3,546,512,1,2,5,1058,846,1,0,2,1,3,1,8,1,3,4,2003,1,736,3,179,60,6,2006,9,5
250,141000,50,5,50,9000,4,5,10,3,1,1,6,6,1950,2,14,3,0,4,3,3,4,4,6,0,780,5,2,5,780,595,0,0,1,1,3,3,6,1,3,6,1979,3,544,2,0,162,12,2007,9,5
251,220000,60,4,80,10041,1,5,20,3,1,6,8,5,1992,2,7,3,0,3,5,3,3,3,3,789,119,1,2,5,927,988,1,0,2,1,3,3,8,1,5,2,1992,1,506,3,120,150,2,2006,9,1
252,221000,20,4,88,12803,1,5,6,3,1,3,7,5,2002,2,13,2,99,3,5,3,3,3,3,922,572,1,2,5,1494,0,1,0,2,0,3,3,6,1,5,2,2002,2,530,3,192,36,9,2008,9,5
253,205000,60,4,85,13600,4,5,13,3,1,6,7,6,1990,2,7,2,176,4,5,2,4,4,2,454,314,5,2,5,1186,800,0,0,2,1,3,4,7,3,2,2,1965,3,486,3,0,42,10,2009,9,5
254,359100,70,4,78,12168,4,5,7,3,1,6,8,6,1998,2,4,3,0,4,5,3,3,3,2,428,537,5,2,5,1940,1254,0,0,2,1,4,4,10,2,3,3,1934,3,380,3,0,0,9,2007,9,3
255,314813,20,4,90,11694,4,5,16,3,1,3,9,5,2007,4,6,2,452,1,5,3,1,1,3,48,1774,1,2,5,1828,0,0,0,2,0,3,3,9,1,3,2,2007,3,774,3,0,108,7,2007,7,6
256,305000,60,4,85,12244,4,5,24,3,1,6,8,5,2003,4,13,4,226,3,5,3,3,2,3,871,611,1,2,5,1482,780,1,0,2,1,4,3,10,2,3,2,2003,1,749,3,168,0,8,2008,9,5
257,240000,60,4,90,10800,4,5,17,3,1,6,6,7,1997,2,7,3,0,4,5,2,4,4,1,956,384,5,2,5,1548,1066,0,0,2,1,4,4,9,1,5,2,1974,2,624,3,38,243,6,2008,9,5
258,165150,60,4,80,10400,4,5,17,3,1,6,6,5,1972,2,13,3,288,4,5,2,4,4,5,247,485,3,2,5,1012,778,1,0,1,2,4,4,8,1,5,2,1972,2,484,3,148,0,11,2006,9,5
259,153000,80,4,80,9600,4,5,13,3,1,8,6,6,1972,2,1,2,164,4,5,2,4,1,2,674,350,1,2,5,1520,0,1,0,1,0,3,4,7,2,3,3,1955,2,364,3,0,0,3,2010,9,5
260,135000,60,4,70,11606,1,5,13,3,1,6,5,5,1969,2,10,2,192,4,5,3,3,1,5,650,390,5,2,5,1040,1040,0,1,1,2,5,2,9,2,5,2,1969,3,504,3,335,0,9,2007,9,4
261,209500,120,4,34,4590,4,5,16,3,4,3,8,5,2006,2,13,4,108,3,5,3,3,3,3,24,1530,1,2,5,1554,0,0,0,2,0,2,3,6,1,3,2,2006,2,627,3,156,73,8,2007,9,5
262,82500,20,4,85,11900,4,5,17,3,1,3,7,5,1977,4,10,2,209,4,3,2,4,4,1,822,564,5,2,5,1411,0,0,0,2,0,3,4,6,1,5,2,1977,1,544,3,192,0,4,2009,9,4
263,264561,120,4,53,3982,4,5,1,3,5,3,8,5,2006,4,13,3,0,3,5,3,3,1,3,1154,366,1,2,5,1567,0,1,0,2,0,1,1,7,1,3,2,2006,1,648,3,312,0,10,2006,7,6
264,274000,120,4,62,12677,1,5,16,3,5,3,8,5,2004,4,9,2,472,1,5,3,1,2,3,1218,300,1,2,5,1518,0,0,0,1,1,1,1,6,1,3,2,2003,2,588,3,185,140,4,2008,9,5
265,345000,80,4,75,13860,4,5,13,3,1,8,8,7,1995,2,10,3,0,3,5,2,3,2,3,1410,542,3,2,5,2000,704,1,0,2,1,4,1,9,3,5,2,1972,1,538,3,269,111,7,2009,9,5
266,370878,20,2,85,9187,4,5,21,3,1,3,9,5,2009,2,6,4,162,1,5,3,1,3,3,1121,645,1,2,5,1766,0,1,0,2,1,2,1,7,1,3,2,2009,1,478,3,195,130,10,2009,7,6
267,155000,20,4,85,10452,1,5,8,3,1,3,6,5,1953,4,14,4,216,4,5,2,4,3,5,500,594,1,2,5,1094,0,0,0,1,0,3,4,5,2,3,2,1953,2,495,3,0,0,6,2008,9,5
268,155000,60,4,70,7700,4,5,13,5,1,6,6,5,1966,2,9,2,351,4,5,2,4,4,6,0,756,5,2,5,1051,788,0,0,1,1,4,4,7,1,5,2,1966,3,442,3,0,124,6,2010,9,5
269,108000,70,4,60,9084,4,5,8,1,1,6,4,5,1950,2,9,3,0,4,5,2,4,3,6,0,755,5,2,5,755,755,1,0,1,0,4,4,7,1,3,6,1940,3,296,2,120,0,10,2009,9,5
270,191000,60,4,70,8750,4,5,6,3,1,6,7,5,1996,2,13,3,0,3,5,3,3,4,6,0,880,1,2,5,909,807,0,0,2,1,2,3,7,1,5,2,1996,2,512,3,0,120,7,2009,9,5
271,350000,20,4,91,10437,1,5,14,3,1,3,8,6,1995,4,9,2,660,3,3,3,3,2,3,1696,413,1,2,5,2113,0,1,0,2,1,2,3,7,1,5,2,1995,1,839,3,236,46,8,2008,9,5
272,149000,70,4,60,7200,4,5,7,3,1,6,7,6,2000,2,12,3,0,4,2,1,3,4,6,0,776,5,2,5,851,651,0,0,1,1,3,4,6,1,3,2,1931,2,270,2,0,0,2,2008,9,5
273,97500,50,4,78,17503,4,5,13,1,1,1,6,5,1950,2,13,3,0,4,5,2,4,4,6,0,912,5,2,5,912,546,0,1,1,0,3,4,6,1,3,2,1948,3,330,3,192,0,1,2010,9,1
274,402000,60,4,52,46589,2,2,14,3,1,6,8,7,2005,4,13,2,528,3,5,3,3,4,3,1361,88,1,2,5,1686,762,1,0,2,1,4,3,8,1,5,2,1994,2,711,3,517,76,7,2009,9,5
275,110000,20,4,120,13560,4,1,13,3,1,3,6,3,1968,4,14,2,216,4,5,2,2,4,6,0,1392,3,2,5,1392,0,1,0,1,0,2,4,5,2,5,2,1968,2,576,3,0,0,7,2009,9,5
276,423000,20,4,49,20896,2,2,21,7,1,3,8,5,2006,2,13,3,0,3,5,3,1,3,3,1721,356,1,2,5,2097,0,1,0,1,1,1,1,8,1,1,2,2005,1,1134,3,192,267,1,2006,7,6
277,230500,60,4,106,11194,1,1,9,3,1,6,8,5,2000,2,13,2,40,3,5,3,3,4,6,0,1406,1,2,5,1454,482,0,0,2,1,3,3,7,1,5,2,2000,2,504,3,188,124,11,2006,9,5
278,193500,20,4,65,8125,4,5,20,3,1,3,6,5,1998,2,7,2,258,4,5,3,3,4,3,1138,270,1,2,5,1679,0,1,0,2,0,3,3,7,1,2,2,1994,2,575,3,224,42,10,2008,9,5
279,137500,30,4,80,11600,4,5,7,3,1,3,4,5,1950,2,9,3,0,4,5,1,2,4,6,0,700,1,2,5,1180,0,0,0,1,0,2,2,5,1,3,6,1922,3,252,3,0,0,7,2006,9,5
280,257500,20,4,110,14442,4,5,7,3,1,3,6,7,2004,4,6,2,106,4,5,3,4,4,3,1186,291,1,2,5,1839,0,1,0,2,0,3,3,7,2,5,2,1957,1,416,3,0,87,6,2007,9,5
281,140000,20,4,80,9200,4,5,13,3,1,3,6,6,1965,2,7,3,0,4,5,2,4,4,5,892,244,5,2,5,1136,0,1,0,1,0,3,4,5,1,3,2,1965,2,384,3,426,0,7,2008,9,5
282,148500,160,4,24,2289,4,5,15,3,4,6,6,6,1978,2,10,3,0,4,5,2,4,4,1,311,544,5,2,5,855,586,0,0,2,1,3,4,7,1,5,2,1978,3,440,3,28,0,4,2009,9,5
283,372500,20,4,80,11844,1,5,22,3,1,3,8,5,2008,4,13,4,464,3,5,3,1,3,6,0,2046,1,2,5,2046,0,0,0,2,1,3,3,7,1,3,2,2008,1,834,3,322,82,7,2009,7,6
284,143000,120,4,50,8012,4,5,20,3,5,3,6,5,1980,2,10,3,0,4,5,2,3,4,2,543,261,5,2,5,923,0,0,0,2,0,2,4,5,1,5,2,1980,2,264,3,80,0,5,2010,9,5
285,285000,20,4,90,11248,1,1,6,3,1,3,9,5,2002,4,13,4,215,3,5,3,3,1,3,1059,567,1,2,5,1668,0,1,0,2,0,3,3,7,1,5,2,2002,1,702,3,257,45,7,2007,9,5
286,392000,20,4,60,8089,4,5,22,3,1,3,8,6,2007,2,9,2,0,3,5,3,3,1,3,945,474,1,2,5,1419,0,1,0,2,0,2,3,7,1,3,2,2007,2,567,3,140,0,10,2007,7,6
287,194700,120,4,61,7577,1,1,16,3,5,3,6,5,2006,2,13,4,256,3,5,3,3,1,1,20,1342,1,2,5,1362,0,0,0,2,0,2,3,6,1,3,2,2005,2,460,3,192,28,6,2007,9,5
288,755000,60,4,104,21535,1,1,14,3,1,6,10,6,1995,2,7,2,1170,1,5,3,1,2,3,1455,989,1,2,5,2444,1872,0,1,3,1,4,1,10,2,1,2,1994,1,832,3,382,50,1,2007,9,5
289,335000,60,4,42,26178,1,5,24,3,1,6,7,5,1990,4,9,2,293,3,5,3,3,2,3,965,245,1,2,5,1238,1281,1,0,2,1,4,3,9,2,3,2,1989,2,628,3,320,27,4,2006,9,5
290,176000,20,4,54,13811,1,5,24,3,1,3,6,6,1987,2,7,2,72,4,5,2,3,4,3,980,92,3,2,5,1137,0,1,0,2,0,2,3,5,1,5,2,1987,3,551,3,125,0,7,2006,9,5
291,138500,20,4,65,8450,4,5,19,6,1,3,5,8,2009,2,9,3,0,4,3,2,4,4,3,553,224,1,2,5,894,0,1,0,1,0,3,4,5,1,3,6,1973,3,336,3,416,144,4,2010,9,5
292,312500,20,4,85,14331,4,5,24,3,1,3,8,5,2002,4,13,2,630,3,5,3,1,2,3,1274,526,1,2,5,1800,0,1,0,2,0,3,3,7,1,3,2,2002,1,765,3,270,78,5,2006,9,5
293,361919,60,4,82,12438,1,5,22,3,1,6,8,5,2006,4,13,2,466,1,5,3,1,4,6,0,1234,1,2,5,1264,1312,0,0,2,1,4,1,10,1,3,4,2006,1,666,3,324,100,7,2006,7,6
294,140000,190,5,76,7630,4,5,18,2,2,6,5,9,1996,2,14,3,0,4,3,1,3,4,6,0,360,3,2,5,1032,780,0,0,2,0,4,3,8,1,4,6,1999,3,672,1,344,0,5,2010,9,5
295,254000,120,4,48,6240,4,5,16,3,5,3,8,5,2006,4,9,2,176,3,5,3,3,4,3,863,461,1,2,5,1324,0,1,0,2,0,2,3,6,1,3,2,2006,1,550,3,192,38,12,2009,9,5
296,179540,60,4,65,9018,1,5,9,3,1,6,7,5,2007,4,13,3,0,3,5,3,3,1,6,0,728,1,2,5,728,728,0,0,2,1,3,3,8,1,3,2,2007,1,400,3,100,24,7,2007,7,6
297,189000,120,4,40,4671,1,5,22,3,5,3,8,5,1989,2,7,3,0,3,5,3,3,3,3,767,461,3,2,5,1228,0,1,0,2,0,2,3,5,1,3,2,1988,1,472,3,168,120,10,2008,9,5
298,165000,20,4,78,10140,4,5,17,3,1,3,6,5,1974,4,7,2,174,4,5,2,3,4,6,0,1064,5,2,5,1350,0,0,0,2,0,3,4,7,1,5,2,1974,2,478,3,0,0,8,2009,9,5
299,157000,20,4,80,10000,4,5,17,3,1,3,5,6,2000,2,7,3,0,4,5,2,3,4,2,1084,92,3,2,5,1178,0,0,1,1,1,3,3,5,1,2,2,1973,3,439,3,224,0,11,2008,9,5
300,341000,60,4,96,10542,4,5,14,3,1,6,7,5,1994,4,14,2,651,3,5,3,3,2,3,1173,138,1,2,5,1325,1093,1,0,2,1,3,3,9,1,5,2,1993,2,983,3,250,154,8,2008,9,5
301,128500,20,4,69,9920,1,5,6,3,1,3,5,6,1969,2,7,3,0,4,5,2,3,2,1,523,448,5,2,5,971,0,0,0,1,1,3,4,5,1,4,2,1969,3,300,3,0,0,5,2006,9,5
302,320000,20,4,86,13286,1,5,8,3,1,3,9,5,2008,4,6,4,340,1,5,3,1,4,3,1234,464,1,2,5,1698,0,1,0,2,0,3,1,8,1,3,2,2007,1,768,3,327,64,2,2009,9,5
303,236500,120,4,39,5389,1,5,22,3,5,3,8,5,1996,2,6,3,0,3,5,3,3,4,3,1180,415,1,2,5,1616,0,1,0,2,0,2,3,5,1,5,2,1995,2,608,3,237,152,3,2010,9,5
304,187500,80,4,73,9590,1,1,24,3,1,8,7,5,2003,2,13,2,442,3,5,3,1,1,3,786,82,1,2,5,1146,0,1,0,2,0,3,3,6,1,3,2,2003,1,438,3,160,22,5,2007,9,5
305,222500,60,4,75,11404,1,5,6,3,1,6,7,5,1999,2,13,2,202,3,5,3,3,1,1,252,901,1,2,5,1153,878,0,0,2,1,3,3,8,1,5,2,1998,1,541,3,192,84,7,2008,9,5
306,131400,20,4,80,10000,4,1,19,2,1,3,5,6,1983,4,7,3,0,4,5,2,4,4,2,594,270,1,2,5,1144,0,1,0,1,0,3,4,6,1,5,2,1961,2,264,3,165,0,3,2009,9,5
307,163000,75,5,60,10800,4,5,18,3,1,5,7,7,1970,2,14,3,0,4,5,1,3,3,5,390,490,2,1,5,880,888,0,0,1,1,2,4,6,2,5,6,1914,3,320,1,0,341,10,2006,9,5
308,239900,60,4,72,10463,1,2,9,3,1,6,8,5,2005,2,13,3,0,3,5,3,3,4,6,0,893,1,2,5,901,900,0,0,2,1,3,3,8,1,3,2,2005,1,800,3,0,116,6,2006,9,5
309,175000,80,4,70,12886,1,5,19,3,1,8,5,6,1999,2,7,3,0,4,5,2,3,1,1,444,76,1,2,5,1464,0,0,1,2,0,3,4,6,1,5,2,1997,2,480,3,302,0,10,2009,9,5
310,180000,120,4,41,5395,1,5,22,3,5,3,8,5,1993,2,7,3,0,3,5,3,3,4,3,733,604,3,2,5,1337,0,1,0,2,0,2,3,5,1,5,2,1993,2,462,3,96,0,10,2008,9,5
311,265979,70,5,65,11700,1,1,18,3,1,6,7,7,2003,5,12,3,0,3,5,5,4,4,6,0,1240,5,1,5,1320,1320,0,0,1,1,4,3,8,1,3,6,1950,3,864,1,181,0,5,2009,9,5
312,260400,20,4,59,10593,1,5,14,3,1,3,7,5,1996,4,13,2,338,3,5,3,3,4,3,919,801,1,2,5,1720,0,1,0,2,0,3,3,7,1,5,2,1996,1,527,3,240,56,3,2010,9,5
313,275500,60,4,80,10240,4,5,16,3,1,6,8,5,2005,2,13,2,178,3,5,3,3,3,6,0,1030,3,2,5,1038,1060,0,0,2,1,3,1,8,1,3,2,2005,2,878,3,192,52,3,2006,9,5
314,290000,60,4,65,12257,1,5,14,3,1,6,8,5,1995,2,13,2,513,3,5,3,3,1,4,56,1198,1,2,5,1328,1203,0,0,2,1,4,3,9,1,5,2,1995,2,752,3,222,98,11,2007,9,5
315,337000,60,4,82,9430,4,5,14,3,1,6,8,5,1999,2,13,2,673,3,5,3,3,3,3,1163,89,1,2,5,1268,1097,1,0,2,1,3,3,8,1,3,2,1999,2,856,3,0,128,7,2009,9,5
316,270000,120,4,30,9549,1,2,25,3,5,3,8,5,1996,4,4,3,0,3,3,3,3,1,4,437,0,1,2,5,1494,0,1,0,1,1,2,1,6,1,3,2,1995,1,481,3,0,30,4,2006,9,5
317,264132,20,4,75,14587,1,5,21,3,1,3,9,5,2008,2,13,4,284,3,5,3,3,4,6,0,1498,1,2,5,1506,0,0,0,2,0,2,1,6,1,3,2,2008,1,592,3,0,174,8,2008,7,6
318,196500,60,4,80,10421,4,5,17,3,1,6,7,5,1988,2,7,2,42,4,5,2,3,4,3,394,586,5,2,5,980,734,0,0,2,1,3,4,7,1,5,2,1988,3,496,3,228,66,3,2010,9,5
319,216837,20,4,70,9100,4,5,6,3,1,3,7,5,2005,4,13,3,0,3,5,3,3,4,3,24,1836,1,2,5,1836,0,0,0,2,0,3,3,8,1,3,2,2004,1,484,3,120,33,10,2006,9,5
320,538000,60,4,47,53504,2,2,22,3,1,6,8,5,2003,4,6,2,603,1,5,3,3,2,1,1416,234,1,2,5,1690,1589,1,0,3,1,4,1,12,1,3,4,2003,1,841,3,503,36,6,2010,9,5
321,107000,80,4,94,7819,4,5,8,3,1,8,6,5,1976,2,10,3,0,4,5,2,4,1,1,422,480,5,2,5,1117,0,1,0,1,0,3,4,6,1,5,6,1976,3,672,3,144,0,3,2010,9,1
322,395000,20,4,110,14226,4,1,16,3,1,3,8,5,2006,4,13,2,375,3,5,3,3,1,6,0,1935,3,2,5,1973,0,0,0,2,0,3,3,9,1,3,2,2006,1,895,3,315,45,7,2007,7,6
323,142500,20,4,100,13350,1,5,19,3,1,3,5,5,1974,4,7,3,0,4,5,2,4,4,1,762,102,5,2,5,894,0,1,0,1,0,3,4,5,1,2,2,1974,3,440,3,241,0,6,2006,9,5
324,176000,20,4,63,7875,4,5,9,3,1,3,7,5,1996,2,7,2,38,4,5,3,3,4,6,0,1237,3,2,5,1253,0,0,0,2,0,3,4,6,1,5,2,1995,1,402,3,220,21,6,2007,9,5
325,160200,120,4,43,3182,4,5,1,3,5,3,7,5,2006,2,13,2,11,3,5,3,3,4,3,16,1129,1,2,5,1145,0,0,0,2,0,2,3,5,1,3,2,2005,1,397,3,100,16,9,2009,9,5
326,269790,60,4,92,9920,1,2,14,3,1,6,7,5,1997,2,9,3,0,3,5,3,3,1,3,862,255,1,2,5,1127,886,1,0,2,1,3,4,8,1,5,2,1997,3,455,3,180,130,6,2007,9,5
327,171000,60,4,70,8400,4,5,20,3,1,6,6,6,1981,2,7,2,130,4,5,2,3,4,6,0,650,5,2,5,888,676,0,0,2,1,3,4,7,1,5,2,1980,3,476,3,0,50,4,2010,9,5
328,143500,20,4,71,8197,4,5,19,3,1,3,6,5,1977,2,10,2,148,4,5,2,4,4,6,0,660,1,2,5,1285,0,0,0,1,1,3,4,7,1,5,2,1977,2,528,3,138,0,4,2007,9,5
329,485000,60,4,104,13518,4,5,16,3,1,6,9,5,2009,4,13,4,860,1,5,3,1,4,6,0,1926,1,2,5,1966,1174,0,0,3,1,4,1,11,2,3,4,2009,1,820,3,144,78,7,2009,7,6
330,175000,50,4,60,7200,4,1,23,2,1,1,5,7,1950,2,14,2,252,4,5,1,3,4,1,569,162,1,2,5,981,787,1,0,1,1,3,3,7,2,5,6,1939,3,240,3,0,0,6,2007,9,5
331,189000,60,4,63,8199,4,5,6,3,1,6,7,5,2005,2,15,3,0,3,5,3,3,1,3,648,80,1,2,5,728,728,1,0,2,1,3,3,7,1,3,2,2005,1,410,3,36,18,10,2008,9,5
332,582933,60,4,107,13891,4,5,16,3,1,6,9,5,2009,4,13,4,424,1,5,3,1,2,6,0,1734,1,2,5,1734,1088,0,0,3,1,4,1,12,1,3,4,2009,2,1020,3,52,170,1,2009,7,6
333,223500,70,4,144,21384,4,5,4,3,1,6,5,6,2004,2,14,3,0,4,5,2,4,2,3,1309,15,1,2,5,1072,504,2,0,1,1,3,3,6,1,5,2,1923,2,528,3,0,312,5,2009,9,5
334,159950,80,4,85,13400,4,5,13,3,1,8,5,5,1966,2,13,2,1047,4,5,2,4,1,1,516,380,5,2,5,1086,0,1,0,1,0,3,4,6,1,3,2,1966,2,484,3,0,0,6,2006,9,5
335,181000,20,4,78,10140,4,5,17,3,1,3,6,6,1999,4,7,2,99,4,5,2,4,4,1,663,0,2,2,5,1309,0,1,0,1,1,3,3,5,1,2,2,1974,2,484,3,265,0,1,2006,9,5
336,224000,120,4,44,6371,1,5,16,3,5,3,7,5,2010,2,13,4,128,3,5,3,3,3,3,733,625,1,2,5,1358,0,1,0,2,0,2,3,6,1,3,2,2010,2,484,3,192,35,6,2010,7,6
337,139500,50,4,60,9900,4,5,23,3,1,1,6,7,1950,2,13,3,0,4,5,1,4,4,6,0,778,5,2,5,944,545,0,0,2,0,3,4,7,1,3,6,1940,3,240,3,335,0,7,2009,9,5
338,232600,20,2,81,11216,4,5,21,3,1,3,8,5,2006,2,13,3,0,3,5,3,3,4,6,0,1489,1,2,5,1489,0,0,0,2,0,3,3,7,1,3,2,2006,2,776,3,0,140,6,2006,7,6
339,385000,20,4,114,14803,4,5,16,5,1,3,10,5,2008,4,6,2,816,1,5,3,1,1,3,1636,442,1,2,5,2084,0,1,0,2,0,2,1,7,1,3,2,2007,1,1220,3,188,45,6,2008,7,6
340,189000,20,4,65,8529,1,5,20,3,1,3,7,5,2001,2,13,3,0,3,5,3,3,4,3,20,1434,1,2,5,1434,0,0,0,2,0,3,3,6,1,5,2,2001,2,527,3,290,39,4,2009,9,5
341,166000,20,4,80,11900,1,1,13,3,1,3,6,5,1957,2,7,2,387,4,5,2,4,4,5,1040,352,5,2,1,1392,0,1,0,1,1,3,4,6,2,3,2,1957,2,458,3,0,0,6,2008,9,5
342,237000,60,4,44,9548,1,2,6,3,1,6,7,6,2003,2,13,2,223,3,5,3,3,4,3,483,458,1,2,5,941,888,1,0,2,1,3,3,7,1,5,2,2003,2,613,3,192,39,1,2010,9,5
343,157500,70,5,60,10440,4,5,18,3,1,6,5,8,2002,2,9,3,0,4,5,3,4,4,6,0,650,3,2,5,958,581,0,0,2,0,3,3,8,1,4,6,1983,3,686,2,70,78,6,2008,9,5
344,153900,50,5,100,12665,1,5,18,1,1,1,5,8,1950,2,14,3,0,4,5,1,4,3,6,0,876,3,2,5,876,540,0,0,1,1,4,4,7,1,3,6,1949,3,720,3,418,0,6,2008,9,5
345,213000,60,4,75,9317,4,5,20,3,1,6,7,5,1993,2,7,2,137,3,5,3,3,4,1,513,227,1,2,5,1006,769,1,0,2,1,3,3,7,1,5,2,1993,3,425,3,234,72,7,2009,9,5
346,133500,20,4,36,15523,1,2,6,3,1,3,5,6,1972,2,7,3,0,4,5,2,4,1,2,460,404,1,2,5,864,0,1,0,1,0,3,4,5,1,2,2,1972,3,338,3,0,0,8,2009,9,5
347,240000,50,4,75,45600,2,5,5,3,1,1,6,8,1997,2,14,3,0,4,5,1,4,4,6,0,907,5,2,5,1307,1051,0,0,3,0,5,4,10,1,3,6,1908,3,360,3,486,40,9,2008,9,5
348,187000,80,4,80,9600,4,3,25,2,1,8,6,7,1994,4,10,2,360,3,3,2,4,4,6,0,528,1,2,5,1094,761,0,0,2,1,3,4,7,1,5,2,1976,2,512,3,113,100,8,2007,9,5
349,164000,75,4,53,7128,4,5,7,3,1,5,7,5,1950,2,9,3,0,4,3,2,4,4,5,364,554,3,2,5,918,728,0,0,2,0,4,4,7,2,3,6,1941,3,240,3,0,0,8,2007,9,5
350,170000,20,4,102,17920,4,5,19,3,1,3,5,4,1974,4,14,3,0,4,5,2,4,3,1,306,372,5,2,5,1779,0,1,0,1,1,3,4,6,1,3,2,1955,3,454,3,0,418,7,2006,9,1
351,174000,60,4,65,8125,4,5,9,3,1,6,6,5,1995,2,7,3,0,4,5,3,3,4,6,0,702,3,2,5,702,779,0,0,2,1,3,4,6,1,5,2,1994,1,343,3,0,36,3,2009,9,5
352,152000,20,4,80,10400,4,5,17,3,1,3,7,5,1976,2,7,2,189,4,5,2,3,4,6,0,1090,5,2,5,1370,0,0,0,2,0,3,4,6,1,5,2,1976,2,479,3,0,0,6,2009,9,4
353,189950,50,4,55,7642,4,1,7,3,1,1,7,8,1998,2,14,3,0,3,5,1,4,4,6,0,912,3,2,5,912,514,0,0,1,1,3,3,7,1,3,6,1925,3,216,3,0,240,6,2007,9,5
354,248900,20,4,67,10656,1,5,24,3,1,3,8,5,2007,2,13,4,274,3,5,3,3,1,6,0,1638,1,2,5,1646,0,0,0,2,0,3,3,6,1,3,2,2007,2,870,3,192,80,11,2007,7,6
355,236000,60,4,80,9938,4,5,20,3,1,6,7,5,1994,2,9,2,246,3,5,3,3,4,3,750,300,1,2,5,1062,887,1,0,2,1,3,3,8,1,5,2,1993,1,574,3,156,90,6,2010,9,5
356,133000,40,4,60,12144,4,5,13,3,1,3,5,7,1950,2,7,3,0,3,5,2,4,4,5,375,457,3,2,5,1036,0,0,0,1,0,3,4,6,1,3,2,1949,3,288,3,0,28,9,2009,9,5
357,303477,60,2,75,9000,4,5,21,3,1,6,8,5,2007,2,6,3,0,3,5,3,3,1,3,64,1120,1,2,5,1184,1426,0,0,2,1,4,1,11,1,3,4,2007,1,550,3,208,364,8,2007,7,6
358,350000,60,4,74,8834,4,5,16,3,1,6,9,5,2005,4,13,4,216,3,5,3,1,4,3,1170,292,1,2,5,1462,762,1,0,2,1,4,1,10,1,3,2,2004,1,738,3,184,0,6,2009,9,5
359,187500,50,4,44,13758,1,2,24,3,1,1,7,5,1991,2,7,2,117,3,3,2,3,3,4,902,254,1,2,5,1187,530,0,0,2,1,3,3,7,1,5,2,1990,2,400,3,168,36,4,2007,9,5
360,328900,120,2,50,5119,1,2,21,3,5,3,9,5,2000,2,9,2,60,3,5,3,1,1,3,1238,460,1,2,5,1709,0,1,0,2,0,2,3,5,1,5,2,1999,1,506,3,97,65,1,2008,6,1
361,268000,20,4,95,15865,1,5,13,3,1,3,8,6,1970,1,14,3,0,3,3,3,4,2,1,351,1043,1,2,5,2217,0,1,0,2,0,4,3,8,1,5,2,1970,3,621,3,81,207,10,2007,9,5
362,149500,20,4,128,12160,4,5,13,2,1,3,6,4,1953,4,14,2,90,4,5,2,4,4,2,1024,481,1,2,5,1505,0,1,0,1,0,2,4,6,1,5,2,1953,2,505,3,0,0,2,2009,9,5
363,122900,50,4,60,8064,4,1,13,1,1,1,5,7,2006,2,9,3,0,4,3,2,4,3,6,0,672,1,2,5,672,252,0,0,1,0,3,4,6,1,4,6,2003,3,576,3,0,0,7,2007,9,5
364,172500,60,4,70,11184,4,5,19,3,1,6,6,5,1978,4,7,2,92,4,5,2,4,4,4,226,192,3,2,5,918,765,0,0,2,1,3,4,7,1,5,2,1978,2,440,3,243,0,7,2009,9,5
365,140000,60,4,71,7056,4,5,13,3,1,6,6,5,1963,4,7,2,415,4,5,2,4,4,2,400,380,5,2,5,983,813,1,0,1,1,4,4,8,1,5,2,1963,2,483,3,0,50,10,2008,9,5
366,611657,20,4,100,12919,1,5,16,3,1,3,9,5,2010,4,13,4,760,1,5,3,1,2,3,2188,142,1,2,5,2364,0,1,0,2,1,2,1,11,2,3,2,2009,1,820,3,0,67,3,2010,7,6
367,135000,20,4,65,6993,4,5,19,2,1,3,5,7,1994,2,7,3,0,4,5,2,4,4,2,465,447,5,2,5,1236,0,0,0,1,0,3,4,6,1,5,2,1961,3,288,3,0,0,6,2006,9,5
368,180000,60,4,63,7875,4,5,9,3,1,6,7,5,2003,2,13,3,0,3,5,3,3,4,6,0,783,1,2,5,807,702,0,0,2,1,3,3,8,1,3,2,2003,1,393,3,0,75,7,2006,9,5
369,240000,20,4,50,14859,1,2,9,3,1,3,7,5,2006,4,13,2,27,3,5,3,3,4,6,0,1670,1,2,5,1670,0,0,0,2,0,3,3,7,1,3,2,2006,2,690,3,144,60,8,2006,7,6
370,255000,20,4,116,13501,1,1,21,3,1,3,8,5,2006,2,13,4,208,3,5,3,3,4,3,63,1560,1,2,5,1636,0,1,0,2,0,3,3,8,1,3,2,2006,2,865,3,0,60,6,2007,9,5
371,250000,50,4,86,11500,1,5,7,3,1,1,7,7,1987,2,4,3,0,3,5,2,3,4,5,223,794,3,2,5,1020,1037,0,0,1,1,3,3,6,1,3,2,1936,1,180,3,0,0,6,2006,9,5
372,174000,60,4,149,12589,2,5,9,3,1,6,6,5,2005,2,13,3,0,3,5,3,3,4,6,0,742,1,2,5,742,742,0,0,2,1,3,3,8,1,3,2,2005,1,390,3,36,24,6,2009,9,5
373,238000,60,4,103,13125,1,1,20,3,1,6,7,5,1991,2,7,3,0,3,5,3,1,3,2,48,422,1,2,5,912,1215,1,0,2,1,4,3,8,1,5,2,1991,2,833,3,72,192,11,2007,9,5
374,176500,20,4,87,11029,1,1,13,3,1,3,6,8,2002,4,9,3,0,1,5,2,3,4,1,528,245,1,2,5,1414,0,1,0,1,0,3,4,6,1,5,2,1990,3,601,3,0,51,5,2008,9,5
375,169990,20,4,65,10237,4,5,9,7,1,3,6,5,2006,2,13,3,0,3,5,3,3,4,3,28,1288,1,2,5,1316,0,0,0,2,0,3,3,6,1,3,2,2005,1,397,3,100,0,10,2006,7,6
376,193000,120,4,50,8012,4,5,20,3,5,3,6,5,1994,2,10,3,0,3,5,3,3,4,4,165,598,1,2,5,1617,0,1,0,2,0,2,3,5,1,2,2,1993,2,533,3,0,69,7,2008,9,5
377,207500,20,4,79,10240,4,5,17,3,1,3,6,6,1980,2,10,2,157,4,3,2,3,4,2,625,0,5,2,5,1686,0,1,0,2,0,3,4,7,1,5,2,1980,3,612,3,384,131,5,2006,9,5
378,285000,60,4,93,11999,4,5,16,3,1,6,8,5,2004,4,13,2,340,3,5,3,3,4,6,0,1181,1,2,5,1234,1140,0,0,2,1,4,1,10,1,3,4,2003,1,656,3,104,100,5,2007,9,5
379,320000,20,4,84,11670,1,1,21,9,1,3,9,5,2006,4,13,4,302,1,5,3,1,4,6,0,1905,1,2,5,1905,0,0,0,2,0,3,1,8,1,3,2,2006,1,788,3,0,191,3,2007,9,5
380,242000,20,4,313,27650,2,5,13,4,1,3,7,7,2007,1,14,3,0,4,5,2,3,2,3,425,160,1,2,5,2069,0,1,0,2,0,4,3,9,1,3,2,1960,2,505,3,0,0,11,2008,9,5
381,253000,60,4,75,9675,4,5,21,3,1,6,7,5,2005,2,13,3,0,3,5,3,3,3,3,341,772,1,2,5,1113,858,0,0,2,1,3,3,8,1,3,2,2005,2,689,3,0,48,2,2009,9,5
382,143000,80,4,70,8163,4,5,13,3,1,8,5,6,1959,2,7,2,128,4,3,2,4,1,1,748,102,5,2,5,1144,0,1,0,1,0,3,4,6,1,5,2,1959,2,796,3,86,0,3,2006,9,5
383,270000,20,4,85,14536,4,5,24,3,1,3,8,5,2003,4,13,2,236,3,5,3,3,1,3,1300,316,1,2,5,1629,0,1,0,2,0,3,3,9,1,3,2,2002,1,808,3,0,252,11,2007,9,5
384,197500,20,4,78,9360,4,5,17,3,1,3,6,7,2006,4,10,3,0,4,5,2,4,4,1,982,179,5,2,5,1381,0,1,0,1,1,3,3,5,1,5,2,1972,2,676,3,0,0,3,2010,9,5
385,124000,160,5,24,1300,4,5,2,3,5,6,6,6,1980,2,9,3,0,4,5,2,3,4,1,285,276,5,2,5,561,668,0,0,1,1,2,4,5,1,5,2,1980,1,462,3,150,0,5,2009,9,5
386,155000,160,4,24,2308,4,1,15,3,5,6,6,6,1976,2,10,3,0,4,5,2,3,4,1,556,248,5,2,5,804,744,1,0,2,1,3,3,7,1,5,6,1976,3,440,3,48,0,7,2007,9,5
387,214900,60,4,80,11316,4,1,24,3,1,6,7,5,2003,2,13,2,44,3,5,3,3,4,3,624,193,1,2,5,824,1070,1,0,2,1,4,3,8,1,3,4,2002,1,510,3,0,40,2,2010,9,5
388,178900,60,4,65,10237,4,5,9,7,1,6,6,5,2007,2,13,3,0,3,5,3,3,4,6,0,783,1,2,5,783,701,0,0,2,1,3,3,8,1,3,2,2005,1,393,3,0,72,7,2007,7,6
389,160000,50,4,130,9600,1,5,7,3,1,1,5,7,1950,2,9,3,0,3,3,1,4,4,5,428,300,1,2,5,976,332,1,0,1,1,2,4,7,2,5,6,1940,3,256,3,0,70,6,2009,9,5
390,99500,120,4,55,7892,4,5,20,3,5,3,6,5,1979,2,10,3,0,4,5,2,3,4,6,0,918,5,2,5,918,0,0,0,2,0,2,4,5,1,5,2,1979,3,264,3,28,0,4,2010,9,5
391,336000,60,4,98,12203,1,1,14,3,1,6,8,5,1999,4,13,2,975,3,5,3,3,4,3,854,371,1,2,5,1276,1336,1,0,2,1,4,3,8,1,5,2,1998,1,676,3,250,0,7,2009,9,5
392,159895,20,4,43,3182,4,5,1,3,1,3,7,5,2007,2,13,2,16,3,5,3,3,1,6,0,1266,1,2,5,1266,0,0,0,2,0,2,3,6,1,3,2,2007,1,388,3,100,16,3,2008,9,5
393,395192,20,4,83,10159,1,5,16,3,1,3,9,5,2010,4,13,4,450,1,5,3,1,1,3,1646,284,1,2,5,1940,0,1,0,2,1,3,1,8,1,3,2,2010,1,606,3,168,95,4,2010,7,6
394,348000,60,4,82,9452,4,5,14,3,1,6,8,5,1998,2,13,2,423,3,5,3,3,4,3,1074,322,1,2,5,1407,985,1,0,2,1,3,3,7,1,5,2,1997,1,870,3,0,70,6,2006,9,5
395,168000,70,5,121,17671,4,1,18,1,1,6,8,9,1986,2,14,3,0,3,3,1,4,4,2,216,700,3,2,5,916,826,0,0,1,1,4,3,8,1,3,2,1925,3,424,2,0,169,11,2009,9,5
396,187000,60,4,80,9760,4,5,13,3,1,6,6,8,1993,4,14,2,340,4,5,2,4,2,2,536,169,3,2,5,1020,831,0,0,2,1,3,3,7,1,2,2,1964,2,440,3,239,42,7,2007,9,5
397,337500,20,4,96,12456,4,3,16,3,1,3,10,5,2007,4,6,4,230,1,5,3,1,2,3,1172,528,1,2,5,1718,0,1,0,2,0,3,1,7,1,3,2,2008,1,786,3,216,48,7,2009,9,5
398,91000,30,5,60,9786,4,5,10,3,1,3,3,4,1950,4,14,3,0,4,5,1,4,4,6,0,1007,2,1,5,1077,0,0,0,1,0,3,4,6,1,3,6,1922,3,210,2,0,100,5,2006,9,5
399,232000,20,4,75,11957,1,5,21,7,1,3,8,5,2006,2,13,2,53,3,5,3,3,4,3,24,1550,1,2,5,1574,0,0,0,2,0,3,3,7,1,3,2,2006,2,824,3,144,104,7,2008,9,5
400,181000,120,4,43,3182,4,5,1,3,5,3,7,5,2006,2,13,2,16,3,5,3,3,4,3,16,1330,1,2,5,1504,0,0,0,2,0,1,3,7,1,3,2,2005,1,457,3,156,0,5,2009,9,5
401,240000,20,4,43,12118,1,2,12,3,1,3,7,5,2005,4,13,4,108,3,5,3,1,3,6,0,1710,1,2,5,1710,0,0,0,2,0,3,3,7,1,3,2,2004,1,550,3,100,48,4,2009,9,5
402,135000,50,4,115,21286,4,5,19,3,1,1,5,5,1950,2,14,3,0,4,5,2,4,4,6,0,720,5,2,5,720,551,0,0,2,0,4,4,7,1,3,2,1948,3,312,3,0,0,8,2008,9,5
403,165000,70,4,55,10592,4,5,7,3,1,6,6,7,1996,4,14,3,0,4,3,3,4,4,6,0,602,5,2,5,900,602,0,0,1,1,3,3,7,2,5,6,1923,3,180,3,96,0,8,2007,9,5
404,119200,20,4,60,11664,4,5,13,1,1,3,6,5,1950,2,9,2,206,4,5,2,4,4,2,336,746,5,2,5,1082,0,0,0,1,0,2,4,5,1,3,6,1948,3,240,3,0,130,11,2007,9,5
405,203000,20,4,73,11883,4,5,6,3,1,3,7,5,1996,4,13,2,196,3,5,3,3,2,3,690,814,1,2,5,1504,0,1,0,2,0,3,3,6,1,5,2,1996,1,478,3,115,66,6,2009,9,5
406,213490,120,4,43,3013,4,5,1,3,5,3,7,5,2005,2,13,2,145,3,5,3,3,2,3,16,1346,1,2,5,1506,0,0,0,2,0,2,3,6,1,3,2,2005,1,440,3,142,20,4,2006,9,5
407,191000,120,4,43,3182,4,5,1,3,5,3,7,5,2006,2,13,2,14,3,5,3,3,4,3,16,1330,1,2,5,1504,0,0,0,2,0,2,3,7,1,3,2,2005,1,437,3,156,20,5,2008,9,5
408,167500,20,4,73,9300,4,5,13,2,1,3,5,5,1960,2,9,2,324,4,5,2,4,4,5,697,571,5,2,5,1264,0,1,0,1,0,3,4,6,2,3,2,1960,3,461,3,0,0,4,2010,9,5
409,293077,20,4,71,9520,1,5,24,3,1,3,8,5,2008,2,13,4,338,3,5,3,3,2,3,1513,125,1,2,5,1646,0,1,0,2,0,3,3,7,1,3,2,2008,2,800,3,192,44,4,2008,7,6
410,105000,50,4,79,9492,4,5,13,1,1,1,5,5,1950,2,15,3,0,4,5,2,4,4,5,368,359,5,2,5,968,408,1,0,1,0,3,4,6,1,3,2,1941,3,240,3,0,0,4,2007,9,5
411,197000,75,4,102,15863,4,1,23,3,1,4,7,3,1970,2,14,3,0,4,5,1,4,4,3,523,301,1,2,5,1687,998,1,0,2,1,5,4,12,2,5,3,1970,1,672,3,136,63,8,2009,9,5
412,119750,30,4,50,6305,4,5,7,3,1,3,5,7,1950,2,9,3,0,4,3,3,2,4,6,0,920,1,2,5,954,0,0,0,1,0,2,2,5,1,3,3,1938,3,240,3,0,0,6,2007,9,5
413,315500,20,4,89,12898,1,5,24,3,1,3,9,5,2008,4,13,4,70,3,5,3,1,2,3,1022,598,1,2,5,1620,0,1,0,2,0,2,1,6,1,1,2,2008,1,912,3,228,0,9,2009,9,5
414,155000,20,4,88,13125,4,1,19,3,1,3,5,4,2000,2,14,1,67,4,5,2,4,4,5,168,284,1,2,5,1803,0,1,0,2,0,3,4,8,1,5,2,1957,2,484,3,0,0,1,2006,9,5
415,196000,120,4,34,5381,1,5,16,3,4,3,6,5,2005,2,13,4,135,3,5,3,3,1,1,900,406,1,2,5,1306,0,1,0,2,0,1,3,5,1,3,2,2005,2,624,3,170,63,8,2009,9,5
416,262280,60,4,86,11839,4,5,20,3,1,6,7,5,1990,4,7,2,99,4,5,3,3,4,3,1085,390,1,2,5,1532,797,1,0,2,1,4,3,10,1,1,2,1990,3,514,3,192,121,5,2008,9,5
417,278000,20,4,80,9600,4,5,17,5,1,3,8,5,1981,4,4,3,0,3,5,3,3,4,1,1104,1420,5,2,5,2524,0,1,0,2,1,4,3,9,1,3,2,1981,1,542,3,474,120,7,2009,9,5
418,556581,60,4,85,16056,1,5,22,3,1,6,9,5,2006,4,6,4,208,3,5,3,1,1,3,240,1752,1,2,5,1992,876,0,0,3,1,4,1,11,1,3,4,2005,1,716,3,214,108,7,2006,7,6
419,200141,20,4,103,11175,1,1,6,3,1,3,7,5,2007,2,13,3,0,3,5,3,3,1,6,0,1316,1,2,5,1316,0,0,0,2,0,3,3,6,1,3,2,2007,1,440,3,0,20,10,2007,7,6
420,165000,60,4,100,9500,4,1,13,1,1,6,6,6,1978,2,13,1,272,4,5,2,4,4,5,442,374,5,2,5,1127,850,0,1,1,1,4,4,9,1,5,2,1964,2,540,3,0,52,6,2007,9,5
421,144500,20,4,68,8562,4,5,8,3,1,3,5,6,2002,4,7,4,145,4,5,2,4,1,5,383,833,1,2,1,1526,0,0,0,1,0,4,4,7,1,3,3,1957,3,364,3,116,78,5,2010,9,5
422,255000,60,4,90,11367,4,1,6,3,1,6,8,5,2002,2,13,2,210,3,5,3,3,3,3,932,133,1,2,5,1091,898,1,0,2,1,3,3,7,1,3,2,2002,1,586,3,199,60,11,2006,9,5
423,180000,20,4,104,11361,4,5,17,3,1,3,6,5,1976,2,10,2,160,4,5,2,3,4,1,644,549,5,2,5,1523,0,0,1,2,0,3,4,7,1,5,2,1976,1,478,3,0,0,5,2008,1,1
424,185850,120,4,43,7052,1,5,16,3,5,3,7,5,2005,2,13,4,240,3,5,3,3,1,3,659,705,1,2,5,1364,0,1,0,2,0,2,3,6,1,3,2,2005,2,484,3,192,36,6,2006,9,5
425,335000,60,4,96,11308,1,5,16,3,1,6,9,5,2008,2,13,4,154,1,5,3,1,1,3,936,168,1,2,5,1130,1054,1,0,2,1,3,1,10,1,3,2,2008,1,836,3,0,102,7,2009,9,5
426,110500,30,5,50,6000,4,5,18,1,1,3,6,6,1980,2,9,3,0,4,3,1,4,4,2,397,706,3,2,5,1103,0,0,0,1,0,2,3,5,1,3,6,1976,3,440,3,166,120,7,2006,9,5
427,178000,60,4,59,7837,1,5,9,3,1,6,6,7,1994,2,13,3,0,3,5,3,3,4,6,0,799,3,2,5,799,772,0,0,2,1,3,4,7,1,5,2,1993,2,380,3,0,40,5,2009,9,5
428,151400,160,5,42,3964,4,5,11,3,5,6,6,4,1973,2,6,3,0,4,5,2,3,4,1,837,105,3,2,5,1291,1230,1,0,2,1,5,4,10,1,3,2,1973,1,576,3,728,20,6,2006,9,5
429,91500,50,4,50,7585,4,5,8,1,1,1,5,3,1950,2,9,3,0,4,5,2,2,3,6,0,810,2,2,1,1002,454,1,1,1,0,4,4,7,1,5,6,1954,3,280,2,0,0,8,2006,9,5
430,219500,70,4,75,13125,4,5,7,3,1,6,7,6,1984,2,14,3,0,4,5,2,4,4,2,410,390,5,2,5,960,780,0,0,1,1,3,4,6,2,3,2,1940,3,240,3,0,0,7,2007,6,5
431,170000,50,4,60,10800,4,5,18,3,1,1,5,8,1989,2,14,3,0,4,5,2,2,4,1,626,170,3,2,5,1096,370,0,1,2,0,3,3,7,1,5,2,1950,3,566,3,436,21,4,2006,9,5
432,155900,120,5,37,4435,4,5,6,3,5,3,6,5,2004,2,13,2,169,3,5,3,3,3,3,662,186,1,2,5,848,0,1,0,1,0,1,3,3,1,3,2,2004,2,420,3,140,0,5,2006,9,5
433,192000,20,4,70,8749,4,5,6,3,1,3,7,5,2002,2,13,2,100,3,5,3,3,4,6,0,1459,1,2,5,1459,0,0,0,2,0,3,3,6,1,3,2,2002,2,527,3,192,39,9,2007,9,5
434,160000,20,4,80,8800,4,5,13,3,1,3,6,6,1964,4,7,2,425,4,5,2,4,4,2,553,698,5,2,5,1251,0,1,0,1,0,3,4,6,2,3,2,1964,2,461,3,0,116,3,2006,9,5
435,252000,60,2,85,10574,4,5,21,3,1,6,8,5,2006,2,13,3,0,3,5,3,3,3,6,0,1082,1,2,5,1082,871,0,0,2,1,3,3,9,1,3,2,2005,2,1043,3,160,50,5,2009,9,5
436,197000,120,2,37,3316,1,5,21,3,5,3,8,5,2005,2,9,3,0,3,5,3,3,4,3,1039,208,1,2,5,1247,0,1,0,1,1,1,3,4,1,3,2,2005,1,550,3,0,84,4,2006,9,5
437,136500,50,4,60,8400,4,5,23,3,1,1,6,5,1950,2,9,3,0,4,5,3,4,4,5,423,758,2,2,5,1390,304,0,0,2,0,4,4,7,1,3,6,1925,3,576,3,342,0,6,2008,9,5
438,176432,20,4,78,9317,1,5,6,3,1,3,6,5,2006,2,13,3,0,3,5,3,3,4,3,24,1290,3,2,5,1314,0,0,0,2,0,3,3,6,1,3,2,2006,2,440,3,0,22,3,2007,9,5
439,157000,20,4,82,11880,1,5,17,7,1,3,7,5,1978,2,10,2,206,4,5,2,3,4,1,704,567,5,2,5,1601,0,0,0,2,0,3,4,7,1,5,2,1978,2,478,3,0,0,4,2009,1,1
440,159500,20,4,79,8910,4,1,13,3,1,3,6,6,1959,4,4,3,0,4,5,2,4,3,1,655,0,1,2,5,1194,0,0,1,1,0,3,4,6,1,2,4,1954,1,539,3,0,0,7,2006,9,5
441,325000,60,4,98,12256,1,1,14,3,1,6,8,5,1995,2,7,2,362,3,5,3,1,1,3,1032,431,1,2,5,1500,1122,1,0,2,1,3,3,9,2,5,2,1994,2,712,3,186,32,4,2010,9,5
442,179900,20,4,114,10357,1,1,20,2,1,3,7,5,1991,4,7,3,0,3,5,3,3,3,3,738,172,3,2,5,1442,0,1,0,2,0,3,3,6,1,5,2,1990,1,719,3,0,244,5,2007,9,5
443,274725,60,4,168,23257,3,2,9,3,1,6,7,5,2006,2,13,3,0,3,5,3,1,4,6,0,868,1,2,5,887,1134,0,0,2,1,3,3,9,1,3,4,2006,2,422,3,0,100,9,2006,7,6
444,280000,20,4,107,11362,1,5,16,3,1,3,8,5,2005,2,9,4,42,3,5,3,1,3,3,1039,797,1,2,5,1836,0,1,0,2,0,3,3,7,1,3,2,2004,1,862,3,125,185,3,2009,9,5
445,205000,60,4,80,10480,4,5,17,3,1,6,7,6,1976,4,10,2,660,4,5,2,4,4,1,403,400,5,2,5,1098,866,0,0,2,1,4,4,8,1,3,2,1976,2,483,3,0,69,9,2008,9,5
446,318000,20,4,93,12085,4,5,16,3,1,3,8,5,2007,4,13,4,328,3,5,3,1,4,3,1004,730,1,2,5,1734,0,1,0,2,0,3,1,7,1,3,2,2007,2,928,3,0,0,11,2007,7,6
447,118400,30,5,59,8263,4,5,10,3,1,3,6,5,1950,2,4,3,0,4,5,1,4,4,6,0,1012,5,2,1,1012,0,0,0,1,0,2,4,6,1,3,6,1920,3,308,3,0,22,5,2007,9,5
448,115000,20,4,60,10434,4,5,13,3,1,3,4,5,1955,2,10,3,0,4,5,2,4,4,6,0,1005,5,2,5,1005,0,0,0,1,0,2,2,5,1,5,6,1977,3,672,3,0,0,11,2009,9,5
449,174000,120,4,53,3684,4,5,1,3,5,3,7,5,2007,4,13,2,130,3,5,3,3,4,6,0,1373,1,2,5,1555,0,0,0,2,0,2,3,7,1,5,2,2007,1,660,3,143,20,6,2009,9,5
450,259000,20,4,182,14572,3,1,9,3,1,3,7,5,2004,4,13,3,0,3,5,3,3,1,3,1300,230,1,2,5,1530,0,1,0,2,0,3,3,7,1,3,2,2004,1,630,3,144,36,11,2007,9,4
451,215000,60,4,59,11796,1,5,9,3,1,6,7,5,2005,2,13,3,0,3,5,3,3,1,6,0,847,1,2,5,847,1112,0,0,2,1,4,3,8,1,3,4,2004,1,434,3,100,48,7,2007,9,5
452,135000,50,4,65,7804,4,5,23,3,1,1,4,3,1950,2,15,3,0,4,5,1,4,4,2,622,500,5,2,5,1328,653,1,0,2,0,4,3,7,2,5,6,1981,3,576,3,431,44,12,2009,9,5
453,239500,60,4,80,9828,1,5,20,3,1,6,8,5,1995,2,13,3,0,3,5,3,3,4,3,584,544,1,2,5,1142,878,0,0,2,1,3,3,8,1,5,2,1995,2,466,3,0,155,6,2009,9,5
454,169000,60,4,57,8773,1,5,9,3,1,6,6,5,1997,2,13,3,0,4,5,3,3,1,6,0,916,3,2,5,916,684,0,0,2,1,3,4,7,1,5,2,1997,1,460,3,100,38,8,2007,9,5
455,102000,30,5,60,6180,4,1,4,3,1,3,6,5,1950,2,14,3,0,4,5,1,4,4,6,0,960,5,1,5,986,0,0,0,1,0,2,4,5,1,3,6,1926,3,180,3,0,128,5,2007,9,5
456,144000,30,4,98,8731,1,5,4,3,1,3,5,5,1950,2,12,3,0,4,2,1,4,4,2,645,270,5,2,5,1167,0,0,0,1,0,3,4,6,1,3,6,1972,3,495,3,0,0,5,2007,9,5
457,424870,60,4,77,9965,4,5,6,3,1,6,8,5,2007,4,13,4,340,3,5,3,1,2,3,1150,316,1,2,5,1466,1362,1,0,3,0,4,3,11,1,5,4,2006,2,1052,3,125,144,4,2007,7,6
458,149000,50,5,52,6240,4,5,4,3,1,1,5,6,1950,2,9,3,0,4,5,1,4,4,6,0,1042,1,2,5,1042,534,0,0,1,0,3,4,8,1,3,6,1928,3,225,3,0,0,8,2006,9,4
459,174500,70,4,75,12000,4,5,7,3,1,6,7,7,1950,2,9,3,0,4,5,2,4,4,5,275,429,1,2,5,860,704,0,0,1,1,3,2,7,1,3,2,1941,3,234,3,0,0,7,2009,9,5
460,124000,20,4,57,8280,1,5,13,3,1,3,6,5,1950,2,4,3,0,4,5,2,4,4,6,0,932,1,2,1,932,0,0,0,1,0,2,3,4,1,3,2,1950,3,306,3,0,0,11,2007,9,5
461,149900,20,4,134,17755,4,5,8,3,1,3,5,4,1959,2,7,2,132,4,5,2,4,4,2,176,1290,5,2,5,1466,0,0,0,1,1,3,2,6,2,3,2,1959,1,528,3,0,140,11,2006,9,5
462,230000,20,4,90,14115,1,5,7,3,1,3,6,7,2004,2,11,3,0,4,5,3,4,4,1,296,230,1,2,5,1811,0,0,0,1,0,2,1,6,1,3,2,1956,1,470,3,0,0,7,2006,9,1
463,218000,20,4,90,10768,1,1,25,3,1,3,5,8,2004,2,10,3,0,3,3,2,3,2,1,1157,280,5,2,5,1437,0,1,0,2,0,3,3,6,1,2,2,1976,2,528,3,0,21,7,2007,9,5
464,179900,80,4,85,9350,4,5,13,3,1,8,5,8,1999,2,4,3,0,4,3,3,4,2,1,633,586,3,2,5,1265,0,0,1,2,0,3,3,6,1,3,2,1965,2,502,3,0,92,10,2008,9,5
465,230000,120,4,34,5001,1,5,16,3,4,3,7,5,2008,2,13,4,166,3,5,3,3,4,3,904,410,1,2,5,1314,0,1,0,2,0,2,3,6,1,3,2,2008,2,626,3,172,62,7,2009,9,5
466,185000,60,4,76,9120,4,5,17,3,1,6,6,6,1974,4,7,2,270,3,5,2,4,4,1,442,459,5,2,5,943,933,0,0,2,1,4,3,8,1,5,2,1974,2,540,3,0,69,7,2008,9,5
467,146000,160,4,24,2280,4,5,15,3,4,6,6,5,1978,2,10,3,0,4,5,2,3,4,1,311,544,2,2,5,855,601,0,0,2,1,3,4,7,1,5,2,1978,3,440,3,26,0,7,2010,9,5
468,129000,20,4,109,8724,4,5,19,3,1,3,5,5,1968,2,13,3,0,4,5,2,3,4,2,492,402,3,2,5,894,0,0,0,1,0,3,4,5,1,4,2,1968,1,450,3,0,0,5,2007,9,5
469,173000,60,4,58,10852,1,5,9,7,1,6,6,5,2000,2,13,3,0,4,5,3,3,4,3,786,173,1,2,5,959,712,1,0,2,1,3,4,7,1,5,2,2000,1,472,3,0,38,2,2006,9,5
470,235000,70,4,120,13728,4,1,8,3,1,6,6,7,1986,4,12,3,0,4,5,2,4,4,5,626,501,1,2,5,1236,872,0,0,2,0,4,3,7,2,5,3,1935,3,540,3,0,0,7,2008,9,5
471,625000,60,4,118,35760,1,2,14,3,1,6,10,5,1996,4,7,2,1378,3,3,3,1,2,3,1387,543,1,2,5,1831,1796,1,0,3,1,4,3,10,1,5,2,1995,1,807,3,361,76,7,2006,9,5
472,171000,80,4,76,9880,4,5,12,3,1,8,6,6,1977,2,10,3,0,4,5,2,4,1,1,522,574,5,2,5,1118,0,1,0,1,0,3,4,6,1,4,2,1977,1,358,3,203,0,7,2008,9,5
473,163000,20,4,76,9120,4,5,13,3,1,3,6,6,1958,4,9,3,0,4,5,2,4,4,1,662,599,1,2,5,1261,0,1,0,1,0,3,4,6,1,5,2,1958,2,433,3,0,0,11,2008,9,5
474,239000,70,4,80,16560,1,5,7,3,1,6,6,8,1950,2,14,3,0,4,5,1,3,4,5,503,449,5,2,5,1170,1175,0,0,2,1,4,4,9,1,3,6,1932,3,360,3,0,0,7,2006,9,5
475,285000,50,4,85,10678,4,5,14,3,1,1,8,5,2000,4,7,2,337,3,5,3,3,4,3,700,983,1,2,5,2129,743,0,0,2,1,4,3,9,1,5,2,1992,1,541,3,0,33,4,2007,9,5
476,154900,50,4,54,7681,1,3,7,3,1,1,5,6,1950,2,14,3,0,4,5,1,4,4,6,0,731,1,2,5,820,523,0,0,1,1,3,4,7,1,3,6,1921,3,186,3,192,0,7,2009,9,5
477,392500,120,5,64,5587,1,5,7,3,5,3,8,5,2008,4,6,4,186,1,5,3,1,2,3,1480,120,1,2,5,1652,0,1,1,2,0,2,3,5,1,3,2,2008,1,482,3,162,53,11,2008,7,6
478,745000,60,4,160,15623,1,1,14,3,1,6,10,5,1996,4,14,3,0,3,5,3,1,1,3,2096,300,1,2,5,2411,2065,1,0,3,1,4,1,10,2,5,2,1996,1,813,3,171,78,7,2007,9,1
479,120000,30,4,60,10800,4,5,18,3,1,3,5,6,1950,4,12,3,0,4,5,1,4,4,5,821,299,1,2,5,1130,0,1,0,1,0,2,4,5,1,3,6,1970,3,720,3,229,0,6,2006,9,5
480,186700,20,4,50,35133,4,5,24,3,1,3,5,4,1963,4,9,2,226,4,5,2,4,2,5,1159,413,3,2,5,1572,0,1,0,1,1,3,4,5,2,5,1,1963,2,995,3,0,263,5,2007,9,5
481,262000,20,4,89,12461,4,1,14,3,1,3,8,5,1995,2,8,3,0,3,5,3,3,4,3,1456,168,1,2,5,1624,0,1,0,2,0,2,3,5,1,2,2,1994,2,757,3,0,114,7,2006,9,5
482,189000,60,4,60,7500,4,5,9,3,1,6,7,5,1999,2,13,3,0,4,5,3,4,4,6,0,994,3,2,5,1028,776,0,0,2,1,3,3,7,1,5,2,1999,1,442,3,140,60,6,2010,9,5
483,219210,60,4,58,14054,1,5,9,3,1,6,7,5,2006,2,13,3,0,3,5,3,3,1,6,0,879,1,2,5,879,984,0,0,2,1,4,3,9,1,3,4,2006,1,660,3,100,17,11,2006,7,6
484,144000,75,5,65,8850,1,1,18,3,1,5,7,6,1950,2,9,3,0,4,5,1,4,4,6,0,815,1,2,5,815,875,0,0,1,0,3,4,7,1,3,6,1916,3,225,3,0,0,7,2006,5,5
485,148000,20,4,75,11235,4,5,19,3,1,3,4,5,1979,2,7,2,51,4,5,2,4,4,5,547,504,3,2,5,1382,0,0,0,1,1,3,4,6,1,4,2,1974,3,459,3,0,82,10,2006,9,5
486,117000,50,5,50,6000,4,1,4,3,1,1,5,8,1997,2,14,3,0,4,5,1,4,4,6,0,884,1,2,5,884,464,1,0,1,0,3,4,5,1,2,6,1960,3,216,1,0,0,5,2009,9,5
487,213000,20,4,75,9750,4,5,6,3,1,3,7,5,2001,2,13,2,171,3,5,3,3,4,6,0,1630,1,2,5,1630,0,0,0,2,0,3,3,6,1,5,2,2000,3,451,3,74,234,10,2009,9,5
488,271900,20,4,90,14684,1,2,20,3,1,3,7,7,1991,4,7,2,234,3,5,2,3,3,1,485,1496,3,2,5,2196,0,0,0,2,0,3,3,7,1,5,2,1990,2,701,3,84,70,6,2009,9,5
489,290000,20,4,85,10182,1,2,21,9,1,3,8,5,2006,4,13,4,420,3,5,3,1,3,3,1220,440,1,2,5,1660,0,1,0,2,0,3,3,8,1,3,2,2006,2,500,3,322,50,5,2006,7,6
490,189000,60,4,70,11218,4,5,20,3,1,6,6,5,1992,2,14,3,0,3,5,3,3,4,6,0,1055,1,2,5,1055,790,0,0,2,1,3,3,8,1,5,2,1992,2,462,3,635,104,5,2010,9,5
491,134000,20,4,55,8250,4,5,19,2,1,3,5,5,1968,4,7,3,0,4,5,2,4,4,2,250,210,1,2,5,1211,0,0,0,1,0,3,4,5,1,5,2,1968,3,322,3,0,63,8,2008,9,5
492,143000,50,4,78,10496,4,5,13,1,1,1,6,6,1950,2,14,2,320,4,5,2,4,3,5,196,844,1,2,5,1168,678,0,0,2,0,3,4,7,1,3,2,1949,3,315,3,0,0,1,2007,9,5
493,184000,60,4,60,15384,1,5,9,7,1,6,7,5,2005,2,13,3,0,3,5,3,3,1,3,724,64,1,2,5,788,702,1,0,2,1,3,3,8,1,3,2,2004,1,388,3,100,75,2,2008,9,5
494,214000,60,4,86,14598,1,2,21,2,1,6,6,5,2007,2,13,4,74,3,5,3,3,3,6,0,894,1,2,5,894,1039,0,0,2,1,4,3,9,1,3,4,2007,1,668,3,100,18,1,2008,9,5
495,367294,120,4,65,8769,4,1,16,3,5,3,9,5,2008,4,9,2,766,1,5,3,1,4,3,1540,162,1,2,5,1702,0,1,0,1,1,1,1,7,1,3,2,2008,1,1052,3,0,72,10,2008,7,6
496,195000,60,4,41,12393,2,3,6,3,1,6,7,5,2005,2,13,3,0,3,5,3,3,4,6,0,847,1,2,5,847,1101,0,0,2,1,4,3,8,1,3,4,2004,1,434,3,100,48,9,2006,9,5
497,265900,20,4,64,9037,1,5,24,3,1,3,8,5,2006,4,13,2,32,3,5,3,3,1,3,428,1048,1,2,5,1484,0,0,0,2,0,2,1,6,1,3,2,2006,2,472,3,120,33,12,2007,9,5
498,170000,85,4,85,10625,4,5,17,3,1,7,7,6,1974,2,10,2,81,4,5,2,3,2,3,885,0,5,2,5,1173,0,1,0,2,0,3,3,6,2,5,2,1974,2,528,3,0,120,1,2010,9,4
499,178000,80,4,78,12090,4,5,17,3,1,8,6,7,2003,4,13,2,74,4,5,2,3,4,6,0,585,1,2,5,1140,728,0,0,3,1,3,4,7,1,5,4,1984,1,477,3,268,112,1,2007,9,1
500,129500,75,5,60,9600,4,5,18,3,1,5,6,5,1950,2,1,3,0,4,5,1,3,4,5,319,416,2,1,5,1134,924,0,0,1,1,3,4,8,1,3,6,1950,3,396,2,0,0,4,2008,9,5
501,244000,20,4,93,11160,4,1,13,3,1,3,7,5,1968,4,4,3,0,3,5,2,4,4,1,1065,1045,1,2,5,2110,0,1,0,2,1,3,1,8,2,5,2,1968,1,522,3,0,0,4,2010,9,5
502,165400,60,4,60,6931,4,5,8,3,1,6,7,5,2004,2,13,4,92,3,5,3,3,4,6,0,746,1,2,5,760,896,0,0,2,1,3,3,7,1,3,4,2003,1,397,3,178,128,7,2008,9,5
503,127500,50,5,52,6240,4,5,4,3,1,1,6,6,1950,2,14,3,0,4,5,1,4,4,4,425,459,5,2,1,959,408,0,0,1,0,3,4,6,1,3,6,1978,3,560,3,0,0,11,2007,9,5
504,301500,20,4,91,14303,1,1,14,3,1,3,8,5,1994,4,7,2,554,3,5,3,3,2,3,1314,672,1,2,5,1987,0,1,0,2,0,2,3,7,1,5,2,1994,1,691,3,262,36,8,2008,9,5
505,180500,70,4,60,13515,4,5,4,3,1,6,6,6,1950,3,14,3,0,4,5,3,4,4,6,0,764,1,2,1,1060,764,0,0,1,0,3,4,8,1,3,6,1940,3,520,1,0,0,7,2007,9,5
506,122000,190,5,60,10120,1,5,18,2,2,5,7,4,1950,4,14,3,0,2,5,2,4,4,6,0,925,5,1,2,964,925,0,0,1,1,4,4,9,1,3,6,1960,3,308,1,0,0,1,2007,9,5
507,378500,20,4,89,13214,1,5,24,3,1,3,9,5,2009,4,12,3,0,1,5,3,1,2,6,0,2002,1,2,5,2018,0,0,0,2,0,3,1,10,1,3,2,2009,1,746,3,144,76,5,2010,9,5
508,177000,80,4,124,11512,1,1,8,3,1,8,6,7,2006,2,10,2,84,4,5,2,4,1,1,719,300,3,2,5,1357,0,1,0,1,0,2,1,5,1,3,3,1959,2,312,3,0,0,5,2008,9,5
509,139000,50,4,53,5362,4,1,7,3,1,1,5,6,2003,2,14,3,0,4,5,3,4,4,6,0,661,1,2,5,661,589,0,0,2,0,3,4,8,1,3,6,1985,3,552,3,242,0,11,2007,9,5
510,180000,20,4,50,8049,1,2,24,3,1,3,7,5,1990,4,7,2,54,4,5,2,3,4,1,1053,256,5,2,5,1339,0,1,0,2,0,2,4,6,1,5,2,1990,1,484,3,0,58,7,2006,9,5
511,169000,50,4,50,9638,4,5,23,2,1,1,6,7,1990,2,14,3,0,4,5,3,4,4,6,0,804,1,2,5,1699,748,0,0,2,0,4,3,10,1,3,6,1969,3,336,3,272,0,3,2010,9,5
512,132500,50,5,50,6000,4,5,4,3,1,1,6,6,1950,2,9,3,0,4,2,2,4,4,6,0,780,1,2,2,825,587,0,0,1,0,4,4,6,1,3,6,1939,3,280,3,45,0,5,2009,9,5
513,278000,120,4,40,5664,1,5,22,3,5,3,8,5,2000,2,6,3,0,3,5,3,3,4,3,1158,343,1,2,5,1659,0,1,0,2,0,2,1,5,1,1,2,2000,1,499,3,212,59,10,2009,9,5
514,281000,60,4,86,11065,1,5,16,3,1,6,8,5,2006,2,13,4,788,3,5,3,3,3,6,0,1085,1,2,5,1120,850,0,0,2,1,3,1,8,1,3,4,2006,1,753,3,177,74,10,2006,7,6
515,162900,60,4,78,10140,4,5,17,3,1,6,7,5,1976,2,7,3,0,4,5,3,3,4,3,194,638,5,2,5,832,832,0,0,2,1,4,4,8,1,5,2,1976,2,528,3,0,28,3,2006,9,5
516,160000,60,4,313,63887,3,1,8,2,1,6,10,5,2008,4,12,4,796,1,5,3,1,2,3,5644,466,1,2,5,4692,950,2,0,2,1,3,1,12,3,3,2,2008,1,1418,3,214,292,1,2008,7,6
517,290000,60,4,92,10120,4,5,14,3,1,6,8,5,1994,4,13,2,391,3,5,3,3,4,3,740,425,1,2,5,1203,1323,1,0,2,1,4,3,8,1,5,2,1994,2,844,3,309,78,12,2006,9,5
518,325000,20,4,108,13173,1,1,16,3,1,3,9,5,2007,4,13,4,300,3,5,3,1,4,3,1572,80,1,2,5,1652,0,1,0,2,0,2,1,6,2,1,2,2006,1,840,3,404,102,11,2009,9,5
519,202500,120,4,48,6955,1,5,16,3,5,3,7,5,2006,2,13,4,94,3,5,3,3,4,6,0,1368,1,2,5,1368,0,0,0,2,0,2,3,6,1,3,2,2005,2,474,3,132,35,9,2006,7,6
520,335000,20,4,100,17500,4,5,7,4,1,3,7,8,2002,2,4,3,0,3,3,3,3,1,3,1406,496,5,2,5,1902,0,1,0,2,0,3,1,7,2,5,2,1959,1,567,3,0,207,5,2010,9,5
521,333168,60,4,108,14774,1,1,14,3,1,6,9,5,1999,2,13,2,165,3,5,3,3,4,6,0,1393,1,2,5,1422,1177,0,0,2,1,4,3,10,1,5,4,1999,1,779,3,668,30,5,2010,9,5
522,119000,20,4,60,8190,4,5,8,3,1,3,4,6,1954,4,14,3,0,4,5,2,4,4,5,732,216,1,2,5,948,0,1,0,1,0,3,4,5,1,5,6,1956,3,280,3,0,36,10,2007,9,5
523,206900,60,4,85,11075,4,5,13,3,1,6,6,5,1969,2,7,3,0,4,5,2,2,3,1,500,176,5,2,5,1092,1020,0,0,2,1,4,4,9,2,3,2,1969,3,576,3,280,0,6,2008,9,5
524,295493,20,4,61,10226,1,5,6,3,1,3,8,5,2008,2,13,4,270,3,5,3,1,2,6,0,1622,1,2,5,1630,0,1,0,2,0,3,1,8,1,3,2,2008,2,860,3,172,42,1,2009,9,5
525,208900,120,2,47,4230,4,1,21,3,5,3,7,5,2007,2,13,3,0,3,5,3,1,4,6,0,1352,1,2,5,1352,0,0,0,2,0,2,3,5,1,3,2,2006,2,466,3,0,241,4,2007,7,6
526,156500,20,4,70,8400,4,5,13,3,1,3,6,3,1957,4,4,3,0,4,5,2,4,4,1,189,628,3,2,5,1478,0,1,0,1,1,3,4,6,2,3,2,1957,2,442,3,114,0,6,2009,9,5
527,190000,60,4,107,10186,1,5,14,3,1,6,7,5,1992,2,7,3,0,3,5,3,3,4,3,674,76,1,2,5,1061,862,1,0,2,1,3,3,8,1,5,2,1992,2,564,3,240,39,6,2010,9,5
528,147000,20,4,75,9986,4,5,21,3,1,3,8,5,2007,2,13,2,428,3,5,3,1,1,6,0,1795,1,2,5,1795,0,0,0,2,0,2,3,7,1,3,2,2007,2,895,3,0,49,2,2007,7,6
529,130500,20,4,60,6600,4,5,12,3,1,3,5,9,2008,2,13,3,0,3,3,2,4,4,1,641,175,1,2,5,816,0,0,1,1,0,3,3,5,1,1,2,1982,3,264,3,0,0,10,2008,9,5
530,256000,50,5,60,10440,4,1,18,3,1,1,6,7,1950,2,4,3,0,3,3,1,3,4,4,493,1017,1,2,5,1584,1208,0,0,2,0,5,4,8,2,5,6,1920,3,520,3,0,547,6,2008,9,5
531,176500,60,4,63,9084,1,5,9,3,1,6,7,5,1998,4,13,3,0,4,5,3,3,4,6,0,935,3,2,5,955,677,0,0,2,1,3,4,8,1,5,2,1998,1,462,3,0,28,6,2006,9,5
532,227000,20,4,85,10000,4,5,21,3,1,3,8,5,2006,4,13,4,410,3,5,3,3,1,6,0,1588,1,2,5,1588,0,0,0,2,0,3,3,7,1,3,2,2006,2,825,3,144,45,12,2007,9,5
533,100000,20,4,67,8877,4,5,8,3,1,3,4,6,1958,2,9,3,0,4,5,2,4,3,1,690,126,1,2,5,816,0,1,0,1,0,2,4,3,1,3,6,1958,3,288,3,0,0,5,2009,9,5
534,167900,20,4,80,9650,4,5,17,3,1,3,6,5,1977,2,10,2,360,4,5,2,3,4,1,686,664,5,2,5,1334,0,0,1,2,0,2,4,6,1,5,2,1977,2,630,3,0,16,4,2009,9,5
535,177000,50,4,57,7558,4,5,7,3,1,1,6,6,1950,2,4,3,0,4,5,1,4,4,6,0,896,3,2,5,1172,741,0,0,1,1,3,4,9,1,5,6,1929,3,342,3,0,0,3,2009,9,5
536,155835,60,4,85,11103,1,1,6,3,1,6,7,5,2006,2,13,3,0,3,5,3,3,4,6,0,728,1,2,5,728,728,0,0,2,1,3,3,8,1,5,2,2006,1,440,3,0,0,7,2007,7,6
537,283463,20,4,93,15306,1,1,24,3,1,3,8,5,2007,2,13,4,100,3,5,3,1,2,3,80,1652,1,2,5,1776,0,1,0,2,0,3,3,7,1,3,2,2006,1,712,3,0,0,5,2007,7,6
538,171000,60,4,70,9247,1,5,13,3,1,6,6,6,1962,2,7,2,318,4,5,2,4,4,5,319,539,1,2,5,858,858,0,0,1,1,4,4,8,1,3,2,1962,1,490,3,0,84,3,2008,9,5
539,410000,50,4,56,14720,1,2,14,3,1,1,8,5,1996,4,13,2,579,3,5,3,3,1,3,816,1217,1,2,5,2053,1185,1,0,2,1,4,3,9,1,1,2,1996,1,666,3,283,86,3,2010,9,5
540,170000,80,4,102,10192,1,5,17,3,1,8,7,6,1992,2,9,2,143,4,5,2,4,4,6,0,570,3,2,5,1222,698,0,0,3,0,4,3,8,1,5,2,1968,2,487,3,0,98,9,2006,9,5
541,315000,20,4,129,16737,4,4,16,3,1,3,9,5,2005,4,13,2,66,3,5,3,1,1,3,1447,533,1,2,5,1980,0,1,0,2,0,3,1,8,1,3,2,2004,1,770,3,194,45,9,2006,9,5
542,260000,20,4,124,16158,1,5,22,3,1,3,7,5,2005,4,13,4,16,3,5,3,1,1,1,1274,256,1,2,5,1530,0,1,0,2,0,3,3,7,1,3,2,2005,1,430,3,168,36,6,2009,9,5
543,156932,60,4,73,8499,1,5,9,3,1,6,6,5,2007,2,13,3,0,4,5,3,3,4,6,0,616,1,2,5,616,796,0,0,2,1,3,3,6,1,3,4,2007,1,432,3,0,36,3,2007,7,6
544,127000,160,5,41,2665,4,5,11,3,5,6,5,6,1977,2,6,3,0,4,5,3,4,4,1,548,36,1,2,5,925,550,0,0,2,0,4,4,6,1,5,2,1977,2,336,3,104,26,7,2006,9,5
545,232000,20,4,48,10635,2,3,6,3,1,3,8,5,2003,4,13,2,171,3,5,3,3,1,2,370,315,1,2,5,1668,0,1,0,2,0,3,3,8,1,5,2,2003,1,502,3,0,262,5,2010,9,5
546,165500,80,4,80,9600,4,5,13,3,1,8,6,6,1996,4,1,3,0,4,5,2,4,1,2,831,161,3,2,5,1661,0,1,0,1,0,3,3,8,1,5,4,1955,2,377,3,0,28,10,2008,9,5
547,274300,60,4,75,9750,4,1,6,3,1,6,7,6,1998,2,13,3,0,4,5,3,3,1,3,975,133,1,2,5,1108,989,1,0,2,1,3,3,8,1,5,6,1998,2,583,3,253,170,6,2006,9,5
548,250000,60,2,85,10625,4,5,21,3,1,6,7,5,2005,2,6,3,0,3,5,3,3,4,6,0,1026,1,2,5,1026,932,0,0,2,1,3,3,9,1,3,2,2005,1,936,3,154,210,7,2008,9,5
549,239000,20,4,89,10991,1,5,24,3,1,3,8,5,2007,2,13,2,80,3,5,3,3,2,6,0,1571,1,2,5,1571,0,0,0,2,0,3,3,7,1,3,2,2007,1,722,3,100,36,12,2007,7,6
550,250000,60,4,80,16692,1,5,17,7,1,6,7,5,1978,2,10,2,184,4,5,2,3,4,2,790,133,5,2,5,1392,1392,1,0,3,1,5,3,12,2,5,2,1978,2,564,3,0,112,7,2006,9,5
551,136000,50,5,60,8520,4,5,18,1,1,1,6,7,1950,2,12,3,0,4,3,1,4,4,5,168,0,5,1,5,1664,862,0,0,2,0,5,3,10,1,3,6,1916,3,216,3,88,15,8,2007,6,4
552,377500,20,4,42,14892,1,2,9,3,1,3,9,5,2007,2,13,4,160,1,5,3,1,2,3,1320,426,1,2,5,1746,0,1,0,2,0,3,1,7,2,3,2,2006,1,758,3,201,39,10,2009,9,5
553,131000,50,5,60,6000,4,5,4,3,1,1,6,6,1950,2,14,3,0,4,3,1,4,4,1,375,360,1,2,5,869,349,0,1,1,0,3,4,6,1,3,6,2003,3,440,3,0,0,3,2007,9,5
554,123000,85,4,68,7838,4,5,13,3,1,7,5,5,1967,2,7,3,0,4,5,2,4,1,1,769,95,5,2,5,900,0,1,0,1,0,3,4,6,1,4,2,1967,2,288,3,175,144,12,2006,9,5
555,163000,190,5,60,10800,4,5,18,3,2,1,6,7,2000,2,14,3,0,4,5,1,2,4,6,0,482,1,1,5,1221,691,0,0,2,0,3,4,7,1,5,6,2003,3,672,3,0,25,4,2008,9,5
556,246578,120,4,53,4045,4,5,1,3,5,3,7,5,2006,4,13,2,45,3,5,3,3,1,3,1070,286,1,2,5,1500,0,1,0,2,0,2,3,6,1,3,2,2006,1,648,3,161,20,10,2006,7,6
557,281213,60,4,88,12665,1,5,24,3,1,6,8,5,2006,4,13,2,245,3,5,3,3,2,6,0,1094,1,2,5,1133,1349,0,0,2,1,4,3,9,1,3,4,2005,1,642,3,144,39,2,2007,9,5
558,137450,50,4,51,6171,4,5,23,3,1,1,6,6,1990,2,15,3,0,4,5,1,4,4,2,264,712,1,2,5,1160,448,0,0,2,1,3,3,7,1,3,6,1925,3,216,3,147,16,10,2009,9,5
559,120000,50,5,50,6000,4,1,4,3,1,1,6,7,1950,2,15,3,0,4,5,1,4,4,6,0,862,5,2,5,950,208,0,0,1,0,3,4,5,1,3,4,1929,2,208,3,0,0,7,2008,9,5
560,193000,60,4,62,7415,1,5,9,3,1,6,6,5,2004,2,13,3,0,4,5,3,4,4,3,759,80,1,2,5,864,729,1,0,2,1,3,4,8,1,5,2,2004,1,398,3,100,75,4,2008,9,5
561,193879,20,4,64,6762,4,5,6,3,1,3,7,5,2006,2,13,3,0,3,5,3,3,1,6,0,1286,1,2,5,1294,0,0,0,2,0,2,3,6,1,3,2,2006,2,662,3,168,55,7,2006,7,6
562,275000,120,5,44,3842,1,5,7,3,5,3,8,5,2005,4,6,4,174,3,5,3,1,2,3,1373,221,1,2,5,1646,0,1,1,2,0,2,3,5,1,3,2,2004,1,482,3,128,53,1,2008,9,5
563,215000,60,4,46,20544,1,2,17,3,1,6,7,6,1991,2,10,2,123,4,3,2,3,4,6,0,791,3,2,5,1236,857,0,0,2,1,3,4,7,1,5,2,1986,1,542,3,364,63,11,2008,9,5
564,257000,20,4,88,10994,1,1,20,3,1,3,8,5,2006,2,13,4,366,3,5,3,3,4,3,976,868,1,2,5,1844,0,1,0,2,0,2,3,7,1,3,2,2005,1,620,3,165,44,9,2009,1,1
565,207000,50,4,64,13053,4,5,4,3,1,1,6,7,2000,3,14,3,0,4,5,1,4,4,6,0,833,3,2,5,1053,795,0,0,1,1,4,3,8,1,3,6,1922,3,370,1,0,0,6,2008,9,5
566,175900,120,4,51,3635,4,5,1,3,5,3,7,5,2007,4,13,2,130,3,5,3,3,4,1,988,398,1,2,5,1569,0,0,1,2,0,1,3,7,1,5,2,2007,2,660,3,143,20,5,2009,9,5
567,179900,60,4,90,11700,4,1,17,3,1,6,6,6,1968,2,7,2,420,4,5,2,4,4,1,404,304,3,2,5,708,708,0,0,2,1,3,4,7,1,5,2,1968,2,776,3,0,169,5,2006,9,5
568,127500,120,4,53,4043,4,5,15,3,5,3,6,5,1977,2,10,3,0,4,5,2,3,4,1,360,709,5,2,5,1069,0,0,0,2,0,2,4,4,1,2,2,1977,2,440,3,0,55,7,2010,9,5
569,271000,60,4,81,10944,1,5,14,3,1,6,7,5,1994,2,13,2,448,3,5,3,3,4,3,1000,223,1,2,5,1223,904,1,0,2,1,3,3,5,2,5,2,1994,2,525,3,171,132,8,2008,9,5
570,140000,50,4,60,10930,4,5,13,1,1,1,5,6,1950,2,9,3,0,4,5,2,4,4,2,580,333,5,2,1,1048,510,1,0,1,1,3,4,6,1,5,2,1962,3,288,3,0,0,4,2008,9,5
571,119000,30,5,60,7200,4,1,18,3,1,3,5,7,1992,2,9,4,294,4,3,2,4,4,2,510,278,5,2,5,804,0,1,0,1,0,2,3,4,2,3,2,1940,3,240,3,0,0,2,2010,9,1
572,192140,60,4,60,21930,3,5,9,7,1,6,5,5,2005,2,13,3,0,3,5,3,3,1,6,0,732,1,2,5,734,1104,0,0,2,1,4,4,7,1,3,4,2005,1,372,3,100,40,7,2006,9,5
573,186500,60,4,93,10261,1,5,9,3,1,6,6,5,2000,2,13,2,318,4,5,3,3,4,6,0,936,1,2,5,962,830,1,0,2,1,3,4,8,1,5,2,2000,1,451,3,0,0,5,2008,9,5
574,160000,20,4,80,17400,4,5,12,3,1,3,5,5,1977,2,4,3,0,4,5,2,4,4,1,936,190,2,2,5,1126,0,1,0,2,0,3,4,5,1,3,2,1977,2,484,2,295,41,5,2006,9,5
575,174000,20,4,80,8400,4,5,13,3,1,3,6,9,2005,2,14,2,237,3,3,2,4,4,6,0,1319,5,2,5,1537,0,1,0,1,1,3,3,7,1,3,2,1962,2,462,3,0,36,7,2008,1,1
576,394617,20,4,96,12444,4,3,16,3,1,3,8,5,2008,4,13,4,426,1,5,3,1,1,3,1336,596,1,2,5,1932,0,1,0,2,0,2,1,7,1,3,2,2008,1,774,3,0,66,11,2008,7,6
577,197000,60,4,80,11584,4,5,17,3,1,8,7,6,1979,4,7,2,96,4,5,2,4,4,3,315,114,5,2,5,1040,685,0,0,2,1,3,4,6,1,5,2,1979,2,550,3,0,88,11,2007,9,5
578,191000,70,4,79,11526,1,5,7,3,1,4,6,7,1994,2,9,3,0,4,5,1,1,4,6,0,588,2,2,5,1423,748,0,0,2,0,3,4,11,1,3,6,1993,1,672,3,431,0,9,2008,9,5
579,310000,60,2,85,11003,4,5,21,3,1,6,10,5,2008,2,13,4,160,1,5,3,1,1,3,765,252,1,2,5,1026,981,1,0,2,1,3,1,10,1,1,2,2008,1,812,3,168,52,4,2009,9,5
580,240000,60,4,80,10000,4,5,6,3,1,6,8,5,1996,2,13,2,438,3,5,3,3,4,3,1079,141,1,2,5,1220,870,1,0,2,1,3,3,8,1,5,2,1995,2,556,3,0,65,12,2007,9,5
581,287090,20,4,78,9262,4,5,21,3,1,3,8,5,2009,2,6,4,194,3,5,3,3,4,6,0,1573,1,2,5,1578,0,0,0,2,0,3,1,7,1,3,2,2008,1,840,3,0,36,5,2009,7,6
582,175000,60,4,62,7917,4,5,9,3,1,6,6,5,2000,2,13,3,0,4,5,3,3,4,6,0,953,1,2,5,953,694,0,0,2,1,3,4,7,1,5,2,1999,2,460,3,0,40,8,2007,9,5
583,210000,20,4,85,13175,4,5,17,3,1,3,6,6,1988,2,10,4,119,4,5,2,3,4,1,790,589,5,2,5,2073,0,1,0,2,0,3,4,7,2,5,2,1978,3,500,3,349,0,2,2010,9,5
584,266500,70,4,66,9042,4,5,7,3,1,6,7,9,2006,2,6,3,0,1,3,5,4,4,3,275,877,1,2,5,1188,1152,0,0,2,0,4,3,9,2,3,2,1941,2,252,3,0,60,5,2010,9,5
